,alignment,combat,durability,gender,height,id,image,intelligence,name,power,publisher,speed,strength,weight
0,good,64.0,80.0,Male,2.03,1,https://www.superherodb.com/pictures2/portraits/10/100/10060.jpg,38.0,A-Bomb,24.0,Marvel Comics,17.0,100.0,441 
2,good,65.0,64.0,Male,1.85,3,https://www.superherodb.com/pictures2/portraits/10/100/1460.jpg,50.0,Abin Sur,99.0,DC Comics,53.0,90.0,90 
3,bad,95.0,90.0,Male,2.03,4,https://www.superherodb.com/pictures2/portraits/10/100/1.jpg,63.0,Abomination,62.0,Marvel Comics,53.0,80.0,441 
4,bad,55.0,100.0,Male,0.0,5,https://www.superherodb.com/pictures2/portraits/10/100/181.jpg,88.0,Abraxas,100.0,Marvel Comics,83.0,63.0,0 
5,bad,64.0,100.0,Male,1.93,6,https://www.superherodb.com/pictures2/portraits/10/100/1448.jpg,38.0,Absorbing Man,98.0,Marvel Comics,25.0,80.0,122 
7,good,50.0,40.0,Male,1.85,8,https://www.superherodb.com/pictures2/portraits/10/100/626.jpg,69.0,Adam Strange,37.0,DC Comics,33.0,10.0,88 
9,good,20.0,5.0,Male,1.78,10,https://www.superherodb.com/pictures2/portraits/10/100/10255.jpg,10.0,Agent Bob,5.0,Marvel Comics,13.0,8.0,81 
10,good,95.0,80.0,Male,1.91,11,https://www.superherodb.com/pictures2/portraits/10/100/396.jpg,75.0,Agent Zero,72.0,Marvel Comics,38.0,28.0,104 
11,bad,40.0,85.0,Male,1.88,12,https://www.superherodb.com/pictures2/portraits/10/100/1358.jpg,50.0,Air-Walker,100.0,Marvel Comics,100.0,85.0,108 
12,bad,55.0,80.0,Male,1.93,13,https://www.superherodb.com/pictures2/portraits/10/100/10422.jpg,56.0,Ajax,34.0,Marvel Comics,35.0,48.0,90 
13,good,32.0,90.0,Male,1.8,14,https://www.superherodb.com/pictures2/portraits/10/100/698.jpg,63.0,Alan Scott,100.0,DC Comics,23.0,80.0,90 
16,good,55.0,10.0,Male,1.78,17,https://www.superherodb.com/pictures2/portraits/10/100/628.jpg,63.0,Alfred Pennyworth,7.0,DC Comics,17.0,10.0,72 
19,bad,100.0,100.0,Male,2.57,20,https://www.superherodb.com/pictures2/portraits/10/100/1390.jpg,63.0,Amazo,100.0,DC Comics,83.0,100.0,173 
20,bad,64.0,64.0,Male,1.88,21,https://www.superherodb.com/pictures2/portraits/10/100/184.jpg,63.0,Ammo,65.0,Marvel Comics,35.0,44.0,101 
24,good,30.0,42.0,Female,1.65,25,https://www.superherodb.com/pictures2/portraits/10/100/10405.jpg,38.0,Angel Dust,17.0,Marvel Comics,23.0,55.0,57 
27,good,80.0,85.0,Male,1.83,28,https://www.superherodb.com/pictures2/portraits/10/100/632.jpg,56.0,Animal Man,73.0,DC Comics,47.0,48.0,83 
28,bad,64.0,56.0,Male,1.8,29,https://www.superherodb.com/pictures2/portraits/10/100/1307.jpg,75.0,Annihilus,59.0,Marvel Comics,47.0,80.0,90 
30,good,30.0,40.0,Male,1.83,31,https://www.superherodb.com/pictures2/portraits/10/100/166.jpg,75.0,Ant-Man II,53.0,Marvel Comics,17.0,18.0,86 
31,bad,90.0,100.0,Male,61.0,32,https://www.superherodb.com/pictures2/portraits/10/100/1292.jpg,88.0,Anti-Monitor,100.0,DC Comics,50.0,100.0,0 
34,bad,60.0,100.0,Male,2.13,35,https://www.superherodb.com/pictures2/portraits/10/100/852.jpg,100.0,Apocalypse,100.0,Marvel Comics,33.0,100.0,135 
35,good,14.0,14.0,Male,0.0,36,https://www.superherodb.com/pictures2/portraits/10/100/1389.jpg,10.0,Aquababy,37.0,DC Comics,12.0,16.0,0 
36,good,60.0,75.0,Male,1.78,37,https://www.superherodb.com/pictures2/portraits/10/100/1395.jpg,63.0,Aqualad,89.0,DC Comics,42.0,44.0,106 
37,good,80.0,80.0,Male,1.85,38,https://www.superherodb.com/pictures2/portraits/10/100/634.jpg,81.0,Aquaman,100.0,DC Comics,79.0,85.0,146 
38,good,70.0,70.0,Female,1.75,39,https://www.superherodb.com/pictures2/portraits/10/100/882.jpg,50.0,Arachne,71.0,Marvel Comics,50.0,48.0,63 
40,bad,70.0,42.0,Female,1.73,41,https://www.superherodb.com/pictures2/portraits/10/100/832.jpg,38.0,Arclight,52.0,Marvel Comics,23.0,63.0,57 
41,good,25.0,80.0,Female,1.93,42,https://www.superherodb.com/pictures2/portraits/10/100/10132.jpg,63.0,Ardina,100.0,Marvel Comics,100.0,100.0,98 
42,good,101.0,80.0,Male,1.85,43,https://www.superherodb.com/pictures2/portraits/10/100/1118.jpg,75.0,Ares,84.0,Marvel Comics,35.0,82.0,270 
43,good,28.0,14.0,Female,1.65,44,https://www.superherodb.com/pictures2/portraits/10/100/1348.jpg,50.0,Ariel,94.0,Marvel Comics,12.0,10.0,59 
44,good,54.0,80.0,Female,1.63,45,https://www.superherodb.com/pictures2/portraits/10/100/1347.jpg,50.0,Armor,55.0,Marvel Comics,12.0,63.0,50 
48,bad,80.0,100.0,Male,1.98,49,https://www.superherodb.com/pictures2/portraits/10/100/10838.jpg,63.0,Atlas,27.0,DC Comics,42.0,100.0,126 
49,good,60.0,60.0,Male,1.78,50,https://www.superherodb.com/pictures2/portraits/10/100/934.jpg,69.0,Atom,74.5,DC Comics,33.0,38.0,68 
51,good,42.0,28.0,Female,1.68,52,https://www.superherodb.com/pictures2/portraits/10/100/1180.jpg,38.0,Atom Girl,38.0,DC Comics,23.0,10.0,54 
52,good,60.0,45.0,Male,1.83,53,https://www.superherodb.com/pictures2/portraits/10/100/938.jpg,88.0,Atom II,40.0,DC Comics,33.0,10.0,81 
53,good,60.0,60.0,Male,0.0,54,https://www.superherodb.com/pictures2/portraits/10/100/939.jpg,69.0,Atom III,74.5,DC Comics,33.0,38.0,0 
54,good,60.0,60.0,Male,0.0,55,https://www.superherodb.com/pictures2/portraits/10/100/940.jpg,69.0,Atom IV,74.5,DC Comics,33.0,38.0,72 
55,good,56.0,60.0,Female,1.8,56,https://www.superherodb.com/pictures2/portraits/10/100/1289.jpg,63.0,Aurora,74.0,Marvel Comics,96.0,10.0,63 
56,bad,80.0,95.0,Male,1.83,57,https://www.superherodb.com/pictures2/portraits/10/100/1481.jpg,50.0,Azazel,100.0,Marvel Comics,47.0,11.0,67 
57,good,80.0,20.0,Male,0.0,58,https://www.superherodb.com/pictures2/portraits/10/100/1532.jpg,63.0,Azrael,35.0,DC Comics,17.0,18.0,0 
59,bad,95.0,56.0,Male,2.03,60,https://www.superherodb.com/pictures2/portraits/10/100/637.jpg,88.0,Bane,51.0,DC Comics,23.0,38.0,180 
60,good,70.0,40.0,Male,1.83,61,https://www.superherodb.com/pictures2/portraits/10/100/26.jpg,50.0,Banshee,63.0,Marvel Comics,58.0,10.0,77 
61,good,56.0,54.0,Male,1.65,62,https://www.superherodb.com/pictures2/portraits/10/100/229.jpg,25.0,Bantam,21.0,Marvel Comics,23.0,53.0,54 
65,good,100.0,56.0,Female,1.65,66,https://www.superherodb.com/pictures2/portraits/10/100/1113.jpg,69.0,Batgirl IV,46.0,DC Comics,27.0,12.0,52 
68,good,90.0,55.0,Male,1.78,69,https://www.superherodb.com/pictures2/portraits/10/100/10441.jpg,81.0,Batman,63.0,DC Comics,29.0,40.0,77 
71,good,74.0,74.0,Male,1.98,72,https://www.superherodb.com/pictures2/portraits/10/100/231.jpg,50.0,Battlestar,48.0,Marvel Comics,35.0,53.0,133 
72,good,80.0,25.0,Female,1.78,73,https://www.superherodb.com/pictures2/portraits/10/100/10234.jpg,81.0,Batwoman V,27.0,DC Comics,29.0,8.0,0 
73,good,64.0,64.0,Male,1.75,74,https://www.superherodb.com/pictures2/portraits/10/100/232.jpg,63.0,Beak,65.0,Marvel Comics,35.0,44.0,63 
74,good,85.0,60.0,Male,1.8,75,https://www.superherodb.com/pictures2/portraits/10/100/27.jpg,94.0,Beast,43.0,Marvel Comics,38.0,48.0,181 
75,good,40.0,70.0,Male,1.73,76,https://www.superherodb.com/pictures2/portraits/10/100/640.jpg,50.0,Beast Boy,79.0,DC Comics,50.0,28.0,68 
76,bad,64.0,64.0,Male,0.0,77,https://www.superherodb.com/pictures2/portraits/10/100/1122.jpg,63.0,Beetle,65.0,Marvel Comics,35.0,54.0,0 
77,good,40.0,10.0,Male,0.0,78,https://www.superherodb.com/pictures2/portraits/10/100/1365.jpg,10.0,Ben 10,90.0,DC Comics,8.0,7.0,0 
78,good,84.0,95.0,Male,2.01,79,https://www.superherodb.com/pictures2/portraits/10/100/28.jpg,63.0,Beta Ray Bill,100.0,Marvel Comics,35.0,80.0,216 
79,good,84.0,100.0,Male,0.0,80,https://www.superherodb.com/pictures2/portraits/10/100/1293.jpg,100.0,Beyonder,100.0,Marvel Comics,100.0,100.0,0 
80,bad,100.0,100.0,Female,1.88,81,https://www.superherodb.com/pictures2/portraits/10/100/1169.jpg,88.0,Big Barda,100.0,DC Comics,79.0,100.0,135 
82,bad,70.0,28.0,Male,1.65,83,https://www.superherodb.com/pictures2/portraits/10/100/1038.jpg,75.0,Big Man,19.0,Marvel Comics,23.0,12.0,71 
87,good,42.0,28.0,no defined,0.0,88,https://www.superherodb.com/pictures2/portraits/10/100/240.jpg,25.0,Bird-Brain,21.0,Marvel Comics,35.0,10.0,0 
88,bad,64.0,64.0,Male,0.0,89,https://www.superherodb.com/pictures2/portraits/10/100/1503.jpg,63.0,Bird-Man,65.0,Marvel Comics,35.0,44.0,0 
89,bad,64.0,64.0,Male,0.0,90,https://www.superherodb.com/pictures2/portraits/10/100/1504.jpg,63.0,Bird-Man II,65.0,Marvel Comics,35.0,44.0,0 
91,good,65.0,75.0,Male,1.98,92,https://www.superherodb.com/pictures2/portraits/10/100/31.jpg,63.0,Bishop,100.0,Marvel Comics,23.0,14.0,124 
92,neutral,85.0,100.0,Male,1.91,93,https://www.superherodb.com/pictures2/portraits/10/100/642.jpg,38.0,Bizarro,100.0,DC Comics,100.0,95.0,155 
93,bad,64.0,64.0,Male,0.0,94,https://www.superherodb.com/pictures2/portraits/10/100/1049.jpg,63.0,Black Abbott,65.0,Marvel Comics,35.0,44.0,0 
94,bad,56.0,100.0,Male,1.91,95,https://www.superherodb.com/pictures2/portraits/10/100/643.jpg,88.0,Black Adam,100.0,DC Comics,92.0,100.0,113 
95,good,56.0,84.0,Male,1.88,96,https://www.superherodb.com/pictures2/portraits/10/100/243.jpg,75.0,Black Bolt,100.0,Marvel Comics,100.0,67.0,95 
96,good,80.0,20.0,Female,1.7,97,https://www.superherodb.com/pictures2/portraits/10/100/1005.jpg,63.0,Black Canary,52.0,DC Comics,33.0,8.0,59 
98,good,70.0,10.0,Female,1.78,99,https://www.superherodb.com/pictures2/portraits/10/100/32.jpg,75.0,Black Cat,23.0,Marvel Comics,33.0,16.0,54 
99,neutral,30.0,80.0,Male,0.0,100,https://www.superherodb.com/pictures2/portraits/10/100/10831.jpg,44.0,Black Flash,100.0,DC Comics,100.0,10.0,0 
100,good,64.0,64.0,Male,0.0,101,https://www.superherodb.com/pictures2/portraits/10/100/245.jpg,63.0,Black Goliath,65.0,Marvel Comics,35.0,44.0,0 
101,good,70.0,70.0,Male,1.83,102,https://www.superherodb.com/pictures2/portraits/10/100/246.jpg,63.0,Black Knight III,43.0,Marvel Comics,8.0,10.0,86 
102,good,75.0,28.0,Male,1.85,103,https://www.superherodb.com/pictures2/portraits/10/100/1128.jpg,50.0,Black Lightning,70.0,DC Comics,53.0,11.0,90 
103,bad,65.0,42.0,Female,1.7,104,https://www.superherodb.com/pictures2/portraits/10/100/1106.jpg,75.0,Black Mamba,88.0,Marvel Comics,35.0,10.0,52 
104,bad,85.0,60.0,Male,1.88,105,https://www.superherodb.com/pictures2/portraits/10/100/10546.jpg,75.0,Black Manta,76.0,DC Comics,50.0,28.0,92 
105,good,100.0,60.0,Male,1.83,106,https://www.superherodb.com/pictures2/portraits/10/100/247.jpg,88.0,Black Panther,41.0,Marvel Comics,30.0,16.0,90 
106,good,100.0,30.0,Female,1.7,107,https://www.superherodb.com/pictures2/portraits/10/100/248.jpg,75.0,Black Widow,36.0,Marvel Comics,33.0,13.0,59 
107,good,64.0,64.0,Female,1.7,108,https://www.superherodb.com/pictures2/portraits/10/100/618.jpg,63.0,Black Widow II,65.0,Marvel Comics,35.0,48.0,61 
108,bad,65.0,80.0,Male,1.91,109,https://www.superherodb.com/pictures2/portraits/10/100/1507.jpg,63.0,Blackout,45.0,Marvel Comics,45.0,32.0,104 
109,bad,56.0,32.0,Male,1.85,110,https://www.superherodb.com/pictures2/portraits/10/100/249.jpg,38.0,Blackwing,20.0,Marvel Comics,35.0,10.0,86 
110,neutral,25.0,30.0,Male,1.88,111,https://www.superherodb.com/pictures2/portraits/10/100/1508.jpg,50.0,Blackwulf,69.0,Marvel Comics,8.0,28.0,88 
111,good,90.0,50.0,Male,1.88,112,https://www.superherodb.com/pictures2/portraits/10/100/33.jpg,63.0,Blade,40.0,Marvel Comics,38.0,28.0,97 
113,good,28.0,90.0,Female,1.68,114,https://www.superherodb.com/pictures2/portraits/10/100/1349.jpg,69.0,Bling!,52.0,Marvel Comics,12.0,14.0,68 
114,good,64.0,28.0,Female,1.65,115,https://www.superherodb.com/pictures2/portraits/10/100/35.jpg,50.0,Blink,77.0,Marvel Comics,20.0,8.0,56 
115,bad,64.0,64.0,Male,0.0,116,https://www.superherodb.com/pictures2/portraits/10/100/899.jpg,63.0,Blizzard,65.0,Marvel Comics,35.0,44.0,0 
117,bad,56.0,42.0,Male,1.75,118,https://www.superherodb.com/pictures2/portraits/10/100/619.jpg,38.0,Blizzard II,47.0,Marvel Comics,27.0,10.0,77 
118,bad,72.0,95.0,Male,1.78,119,https://www.superherodb.com/pictures2/portraits/10/100/1119.jpg,10.0,Blob,28.0,Marvel Comics,23.0,83.0,230 
119,bad,84.0,80.0,Female,2.18,120,https://www.superherodb.com/pictures2/portraits/10/100/1509.jpg,63.0,Bloodaxe,100.0,Marvel Comics,33.0,80.0,495 
120,good,64.0,80.0,Male,0.0,121,https://www.superherodb.com/pictures2/portraits/10/100/1510.jpg,50.0,Bloodhawk,80.0,Marvel Comics,50.0,10.0,0 
121,bad,64.0,64.0,Male,30.5,122,https://www.superherodb.com/pictures2/portraits/10/100/186.jpg,63.0,Bloodwraith,65.0,Marvel Comics,35.0,72.0,0 
122,good,60.0,60.0,Male,0.0,123,https://www.superherodb.com/pictures2/portraits/10/100/646.jpg,69.0,Blue Beetle,74.5,DC Comics,33.0,38.0,0 
124,good,60.0,60.0,Male,1.83,125,https://www.superherodb.com/pictures2/portraits/10/100/1008.jpg,69.0,Blue Beetle II,74.5,DC Comics,33.0,45.0,86 
125,good,30.0,80.0,Male,0.0,126,https://www.superherodb.com/pictures2/portraits/10/100/1009.jpg,50.0,Blue Beetle III,100.0,DC Comics,58.0,34.0,0 
127,good,64.0,64.0,Male,0.0,128,https://www.superherodb.com/pictures2/portraits/10/100/1340.jpg,63.0,Bolt,65.0,Marvel Comics,35.0,44.0,0 
130,good,64.0,64.0,Female,0.0,131,https://www.superherodb.com/pictures2/portraits/10/100/259.jpg,63.0,Boomer,65.0,Marvel Comics,35.0,44.0,0 
131,good,40.0,70.0,Male,1.96,132,https://www.superherodb.com/pictures2/portraits/10/100/647.jpg,69.0,Booster Gold,100.0,DC Comics,42.0,85.0,97 
132,good,64.0,64.0,Male,0.0,133,https://www.superherodb.com/pictures2/portraits/10/100/864.jpg,63.0,Box,65.0,Marvel Comics,35.0,44.0,0 
133,good,64.0,64.0,no defined,1.93,134,https://www.superherodb.com/pictures2/portraits/10/100/37.jpg,63.0,Box III,65.0,Marvel Comics,35.0,44.0,110 
135,bad,75.0,90.0,Male,1.98,136,https://www.superherodb.com/pictures2/portraits/10/100/648.jpg,100.0,Brainiac,60.0,DC Comics,63.0,95.0,135 
136,good,32.0,28.0,Male,1.7,137,https://www.superherodb.com/pictures2/portraits/10/100/1183.jpg,100.0,Brainiac 5,60.0,DC Comics,23.0,10.0,61 
137,good,64.0,64.0,Male,1.83,138,https://www.superherodb.com/pictures2/portraits/10/100/39.jpg,63.0,Brother Voodoo,65.0,Marvel Comics,35.0,65.0,99 
140,bad,70.0,70.0,Male,1.83,141,https://www.superherodb.com/pictures2/portraits/10/100/624.jpg,50.0,Bullseye,20.0,Marvel Comics,25.0,11.0,90 
141,good,35.0,10.0,Female,1.7,142,https://www.superherodb.com/pictures2/portraits/10/100/1542.jpg,63.0,Bumblebee,47.0,DC Comics,25.0,28.0,59 
142,good,64.0,64.0,Male,0.0,143,https://www.superherodb.com/pictures2/portraits/10/100/1346.jpg,63.0,Bumbleboy,65.0,Marvel Comics,35.0,44.0,0 
143,good,70.0,10.0,Male,0.0,144,https://www.superherodb.com/pictures2/portraits/10/100/1541.jpg,38.0,Bushido,19.0,DC Comics,8.0,10.0,0 
144,good,80.0,56.0,Male,2.03,145,https://www.superherodb.com/pictures2/portraits/10/100/40.jpg,88.0,Cable,100.0,Marvel Comics,23.0,48.0,158 
145,bad,85.0,42.0,Female,1.75,146,https://www.superherodb.com/pictures2/portraits/10/100/271.jpg,63.0,Callisto,52.0,Marvel Comics,23.0,53.0,74 
147,good,56.0,99.0,Male,1.83,148,https://www.superherodb.com/pictures2/portraits/10/100/272.jpg,50.0,Cannonball,94.0,Marvel Comics,67.0,28.0,81 
148,good,100.0,55.0,Male,1.88,149,https://www.superherodb.com/pictures2/portraits/10/100/274.jpg,69.0,Captain America,60.0,Marvel Comics,38.0,19.0,108 
149,good,80.0,90.0,Male,1.93,150,https://www.superherodb.com/pictures2/portraits/10/100/1007.jpg,81.0,Captain Atom,100.0,DC Comics,83.0,93.0,90 
150,good,80.0,60.0,Male,1.98,151,https://www.superherodb.com/pictures2/portraits/10/100/276.jpg,75.0,Captain Britain,31.0,Marvel Comics,50.0,77.0,116 
151,neutral,20.0,20.0,Male,0.0,152,https://www.superherodb.com/pictures2/portraits/10/100/653.jpg,50.0,Captain Cold,28.0,DC Comics,17.0,10.0,0 
154,good,64.0,64.0,Male,1.88,155,https://www.superherodb.com/pictures2/portraits/10/100/654.jpg,63.0,Captain Mar-vell,65.0,Marvel Comics,35.0,80.0,108 
155,good,75.0,95.0,Male,1.93,156,https://www.superherodb.com/pictures2/portraits/10/100/278.jpg,88.0,Captain Marvel,100.0,DC Comics,88.0,100.0,101 
157,good,56.0,90.0,Male,1.75,158,https://www.superherodb.com/pictures2/portraits/10/100/279.jpg,75.0,Captain Marvel II,34.0,DC Comics,27.0,81.0,74 
159,good,60.0,80.0,Male,0.0,160,https://www.superherodb.com/pictures2/portraits/10/100/1285.jpg,50.0,Captain Planet,100.0,Marvel Comics,75.0,88.0,0 
160,good,64.0,64.0,no defined,0.0,161,https://www.superherodb.com/pictures2/portraits/10/100/855.jpg,63.0,Captain Universe,65.0,Marvel Comics,35.0,92.0,0 
161,bad,90.0,84.0,Male,1.85,162,https://www.superherodb.com/pictures2/portraits/10/100/187.jpg,63.0,Carnage,88.0,Marvel Comics,70.0,63.0,86 
162,good,64.0,64.0,Female,1.73,163,https://www.superherodb.com/pictures2/portraits/10/100/904.jpg,63.0,Cat,65.0,Marvel Comics,35.0,90.0,61 
163,good,64.0,64.0,Female,0.0,164,https://www.superherodb.com/pictures2/portraits/10/100/903.jpg,63.0,Cat II,65.0,Marvel Comics,35.0,44.0,0 
164,good,85.0,28.0,Female,1.75,165,https://www.superherodb.com/pictures2/portraits/10/100/659.jpg,69.0,Catwoman,27.0,DC Comics,33.0,11.0,61 
165,good,64.0,64.0,no defined,1.7,166,https://www.superherodb.com/pictures2/portraits/10/100/43.jpg,63.0,Cecilia Reyes,65.0,Marvel Comics,35.0,44.0,62 
166,good,100.0,64.0,Male,2.01,167,https://www.superherodb.com/pictures2/portraits/10/100/1511.jpg,88.0,Century,100.0,Marvel Comics,53.0,80.0,97 
167,good,64.0,64.0,Female,0.0,168,https://www.superherodb.com/pictures2/portraits/10/100/1512.jpg,63.0,Cerebra,65.0,Marvel Comics,35.0,57.0,0 
168,good,64.0,80.0,Male,1.75,169,https://www.superherodb.com/pictures2/portraits/10/100/44.jpg,50.0,Chamber,57.0,Marvel Comics,20.0,10.0,63 
169,bad,28.0,28.0,Male,0.0,170,https://www.superherodb.com/pictures2/portraits/10/100/660.jpg,88.0,Chameleon,28.0,DC Comics,12.0,10.0,0 
170,bad,64.0,42.0,Male,1.8,171,https://www.superherodb.com/pictures2/portraits/10/100/1107.jpg,63.0,Changeling,64.0,Marvel Comics,23.0,10.0,81 
171,bad,70.0,20.0,Female,1.63,172,https://www.superherodb.com/pictures2/portraits/10/100/661.jpg,38.0,Cheetah,32.0,DC Comics,42.0,8.0,50 
172,bad,60.0,20.0,Female,1.7,173,https://www.superherodb.com/pictures2/portraits/10/100/925.jpg,38.0,Cheetah II,39.0,DC Comics,42.0,20.0,55 
173,bad,95.0,80.0,Female,1.75,174,https://www.superherodb.com/pictures2/portraits/10/100/926.jpg,88.0,Cheetah III,78.0,DC Comics,88.0,100.0,54 
176,good,60.0,100.0,Male,1.83,177,https://www.superherodb.com/pictures2/portraits/10/100/10661.jpg,50.0,Citizen Steel,23.0,DC Comics,33.0,95.0,170 
178,good,64.0,64.0,no defined,0.0,179,https://www.superherodb.com/pictures2/portraits/10/100/45.jpg,63.0,Clea,65.0,Marvel Comics,35.0,39.0,0 
179,good,56.0,64.0,Male,2.26,180,https://www.superherodb.com/pictures2/portraits/10/100/46.jpg,63.0,Cloak,100.0,Marvel Comics,47.0,10.0,70 
180,bad,40.0,10.0,Male,1.78,181,https://www.superherodb.com/pictures2/portraits/10/100/10396.jpg,75.0,Clock King,7.0,DC Comics,17.0,10.0,78 
183,good,60.0,60.0,Male,0.0,184,https://www.superherodb.com/pictures2/portraits/10/100/1182.jpg,69.0,Colossal Boy,74.5,DC Comics,33.0,38.0,0 
184,good,80.0,100.0,Male,2.26,185,https://www.superherodb.com/pictures2/portraits/10/100/48.jpg,63.0,Colossus,45.0,Marvel Comics,33.0,83.0,225 
185,neutral,60.0,25.0,Female,1.83,186,https://www.superherodb.com/pictures2/portraits/10/100/10423.jpg,56.0,Copycat,54.0,Marvel Comics,21.0,10.0,67 
186,good,64.0,64.0,Male,1.91,187,https://www.superherodb.com/pictures2/portraits/10/100/49.jpg,63.0,Corsair,65.0,Marvel Comics,35.0,16.0,79 
187,bad,25.0,10.0,Male,1.83,188,https://www.superherodb.com/pictures2/portraits/10/100/10452.jpg,50.0,Cottonmouth,27.0,Marvel Comics,8.0,10.0,99 
188,good,64.0,64.0,Male,0.0,189,https://www.superherodb.com/pictures2/portraits/10/100/303.jpg,63.0,Crimson Crusader,65.0,Marvel Comics,35.0,58.0,0 
189,good,64.0,64.0,Male,1.8,190,https://www.superherodb.com/pictures2/portraits/10/100/1093.jpg,63.0,Crimson Dynamo,65.0,Marvel Comics,35.0,65.0,104 
190,good,56.0,14.0,Female,1.68,191,https://www.superherodb.com/pictures2/portraits/10/100/305.jpg,63.0,Crystal,61.0,Marvel Comics,12.0,16.0,50 
193,good,64.0,85.0,Male,1.98,194,https://www.superherodb.com/pictures2/portraits/10/100/1204.jpg,75.0,Cyborg,71.0,DC Comics,42.0,53.0,173 
194,bad,80.0,100.0,Male,0.0,195,https://www.superherodb.com/pictures2/portraits/10/100/667.jpg,75.0,Cyborg Superman,100.0,DC Comics,92.0,93.0,0 
195,good,80.0,42.0,Male,1.91,196,https://www.superherodb.com/pictures2/portraits/10/100/50.jpg,75.0,Cyclops,76.0,Marvel Comics,23.0,10.0,88 
196,good,64.0,64.0,no defined,1.75,197,https://www.superherodb.com/pictures2/portraits/10/100/168.jpg,63.0,Cypher,65.0,Marvel Comics,35.0,44.0,68 
197,good,70.0,42.0,Female,0.0,198,https://www.superherodb.com/pictures2/portraits/10/100/51.jpg,63.0,Dagger,52.0,Marvel Comics,35.0,10.0,52 
200,good,100.0,35.0,Male,1.83,201,https://www.superherodb.com/pictures2/portraits/10/100/52.jpg,75.0,Daredevil,61.0,Marvel Comics,25.0,13.0,90 
201,good,64.0,70.0,Male,1.85,202,https://www.superherodb.com/pictures2/portraits/10/100/53.jpg,50.0,Darkhawk,74.0,Marvel Comics,33.0,32.0,81 
203,bad,95.0,100.0,Male,2.67,204,https://www.superherodb.com/pictures2/portraits/10/100/668.jpg,88.0,Darkseid,100.0,DC Comics,83.0,100.0,817 
205,good,64.0,42.0,Female,1.68,206,https://www.superherodb.com/pictures2/portraits/10/100/169.jpg,38.0,Darkstar,79.0,Marvel Comics,35.0,8.0,56 
210,good,55.0,60.0,Female,1.73,211,https://www.superherodb.com/pictures2/portraits/10/100/1043.jpg,63.0,Dazzler,100.0,Marvel Comics,33.0,10.0,52 
211,good,42.0,100.0,Male,1.83,212,https://www.superherodb.com/pictures2/portraits/10/100/1472.jpg,50.0,Deadman,100.0,DC Comics,33.0,10.0,90 
213,bad,80.0,28.0,Male,1.85,214,https://www.superherodb.com/pictures2/portraits/10/100/670.jpg,50.0,Deadshot,55.0,DC Comics,23.0,10.0,91 
214,good,60.0,70.0,Male,1.93,215,https://www.superherodb.com/pictures2/portraits/10/100/1304.jpg,69.0,Deathlok,40.0,Marvel Comics,30.0,32.0,178 
215,neutral,90.0,100.0,Male,1.93,216,https://www.superherodb.com/pictures2/portraits/10/100/672.jpg,75.0,Deathstroke,47.0,DC Comics,35.0,30.0,101 
216,bad,60.0,35.0,Male,1.85,217,https://www.superherodb.com/pictures2/portraits/10/100/1515.jpg,50.0,Demogoblin,67.0,Marvel Comics,42.0,48.0,95 
217,bad,70.0,98.0,Male,1.88,218,https://www.superherodb.com/pictures2/portraits/10/100/1294.jpg,50.0,Destroyer,85.0,Marvel Comics,58.0,95.0,383 
218,bad,60.0,28.0,Male,1.93,219,https://www.superherodb.com/pictures2/portraits/10/100/1404.jpg,44.0,Diamondback,45.0,Marvel Comics,23.0,16.0,90 
220,good,70.0,80.0,Male,1.98,221,https://www.superherodb.com/pictures2/portraits/10/100/54.jpg,75.0,Doc Samson,36.0,Marvel Comics,33.0,80.0,171 
221,bad,84.0,100.0,Male,2.01,222,https://www.superherodb.com/pictures2/portraits/10/100/189.jpg,100.0,Doctor Doom,100.0,Marvel Comics,20.0,32.0,187 
222,bad,64.0,64.0,Male,2.01,223,https://www.superherodb.com/pictures2/portraits/10/100/1018.jpg,63.0,Doctor Doom II,65.0,Marvel Comics,35.0,44.0,132 
223,good,50.0,80.0,Male,1.88,224,https://www.superherodb.com/pictures2/portraits/10/100/676.jpg,81.0,Doctor Fate,100.0,DC Comics,25.0,16.0,89 
224,bad,65.0,40.0,Male,1.75,225,https://www.superherodb.com/pictures2/portraits/10/100/622.jpg,94.0,Doctor Octopus,53.0,Marvel Comics,33.0,48.0,110 
225,good,60.0,84.0,Male,1.88,226,https://www.superherodb.com/pictures2/portraits/10/100/55.jpg,100.0,Doctor Strange,100.0,Marvel Comics,12.0,10.0,81 
226,good,74.0,28.0,Female,1.73,227,https://www.superherodb.com/pictures2/portraits/10/100/902.jpg,63.0,Domino,49.0,Marvel Comics,27.0,10.0,54 
228,good,60.0,60.0,Female,1.75,229,https://www.superherodb.com/pictures2/portraits/10/100/806.jpg,69.0,Donna Troy,74.5,DC Comics,33.0,89.0,63 
229,bad,90.0,100.0,Male,2.44,230,https://www.superherodb.com/pictures2/portraits/10/100/679.jpg,75.0,Doomsday,100.0,DC Comics,67.0,100.0,412 
230,bad,84.0,95.0,Male,1.96,231,https://www.superherodb.com/pictures2/portraits/10/100/1320.jpg,8.0,Doppelganger,69.0,Marvel Comics,60.0,63.0,104 
231,bad,80.0,100.0,Male,1.85,232,https://www.superherodb.com/pictures2/portraits/10/100/1359.jpg,88.0,Dormammu,100.0,Marvel Comics,83.0,95.0,0 
232,good,42.0,100.0,Male,0.0,233,https://www.superherodb.com/pictures2/portraits/10/100/884.jpg,88.0,Dr Manhattan,100.0,DC Comics,42.0,100.0,0 
233,good,65.0,85.0,Male,1.93,234,https://www.superherodb.com/pictures2/portraits/10/100/10016.jpg,56.0,Drax the Destroyer,46.0,Marvel Comics,25.0,80.0,306 
234,bad,28.0,99.0,no defined,0.0,235,https://www.superherodb.com/pictures2/portraits/10/100/6.jpg,88.0,Ego,71.0,Marvel Comics,83.0,80.0,0 
236,bad,64.0,56.0,Male,1.8,237,https://www.superherodb.com/pictures2/portraits/10/100/7.jpg,69.0,Electro,67.0,Marvel Comics,50.0,10.0,74 
237,good,100.0,28.0,Female,1.75,238,https://www.superherodb.com/pictures2/portraits/10/100/625.jpg,63.0,Elektra,59.0,Marvel Comics,30.0,11.0,59 
239,good,40.0,90.0,Male,1.85,240,https://www.superherodb.com/pictures2/portraits/10/100/1381.jpg,75.0,Elongated Man,44.0,DC Comics,33.0,10.0,80 
240,good,42.0,90.0,Female,1.78,241,https://www.superherodb.com/pictures2/portraits/10/100/325.jpg,75.0,Emma Frost,100.0,Marvel Comics,35.0,63.0,65 
241,good,40.0,60.0,Female,1.68,242,https://www.superherodb.com/pictures2/portraits/10/100/687.jpg,63.0,Enchantress,100.0,DC Comics,25.0,14.0,57 
243,good,60.0,60.0,Male,0.0,244,https://www.superherodb.com/pictures2/portraits/10/100/1187.jpg,69.0,ERG-1,74.5,DC Comics,33.0,38.0,0 
245,neutral,50.0,100.0,Male,1.93,246,https://www.superherodb.com/pictures2/portraits/10/100/10429.jpg,50.0,Etrigan,100.0,DC Comics,17.0,85.0,203 
247,bad,64.0,70.0,Male,1.91,248,https://www.superherodb.com/pictures2/portraits/10/100/1516.jpg,50.0,Evilhawk,85.0,Marvel Comics,33.0,32.0,106 
248,bad,70.0,28.0,Male,1.83,249,https://www.superherodb.com/pictures2/portraits/10/100/1517.jpg,63.0,Exodus,100.0,Marvel Comics,28.0,81.0,88 
249,bad,64.0,64.0,no defined,1.96,250,https://www.superherodb.com/pictures2/portraits/10/100/24.jpg,63.0,Fabian Cortez,65.0,Marvel Comics,35.0,44.0,96 
250,good,64.0,28.0,Male,1.88,251,https://www.superherodb.com/pictures2/portraits/10/100/56.jpg,38.0,Falcon,22.0,Marvel Comics,50.0,13.0,108 
251,bad,56.0,100.0,Male,0.0,252,https://www.superherodb.com/pictures2/portraits/10/100/1051.jpg,88.0,Fallen One II,100.0,Marvel Comics,83.0,85.0,0 
252,bad,90.0,100.0,Female,0.0,253,https://www.superherodb.com/pictures2/portraits/10/100/1502.jpg,88.0,Faora,98.0,DC Comics,75.0,95.0,0 
253,good,70.0,28.0,no defined,1.75,254,https://www.superherodb.com/pictures2/portraits/10/100/57.jpg,38.0,Feral,27.0,Marvel Comics,45.0,28.0,50 
254,good,60.0,60.0,Female,0.0,255,https://www.superherodb.com/pictures2/portraits/10/100/1167.jpg,69.0,Fighting Spirit,74.5,DC Comics,33.0,38.0,0 
255,good,70.0,100.0,Male,9.75,256,https://www.superherodb.com/pictures2/portraits/10/100/1518.jpg,50.0,Fin Fang Foom,75.0,Marvel Comics,23.0,81.0,16329.329999999998
256,good,42.0,14.0,Female,1.65,257,https://www.superherodb.com/pictures2/portraits/10/100/58.jpg,38.0,Firebird,100.0,Marvel Comics,40.0,8.0,56 
257,good,28.0,90.0,no defined,1.93,258,https://www.superherodb.com/pictures2/portraits/10/100/59.jpg,38.0,Firelord,52.0,Marvel Comics,75.0,63.0,99 
258,good,32.0,55.0,Female,1.73,259,https://www.superherodb.com/pictures2/portraits/10/100/60.jpg,50.0,Firestar,71.0,Marvel Comics,54.0,8.0,56 
259,good,42.0,56.0,Male,0.0,260,https://www.superherodb.com/pictures2/portraits/10/100/689.jpg,50.0,Firestorm,100.0,DC Comics,58.0,53.0,0 
261,bad,64.0,64.0,no defined,0.0,262,https://www.superherodb.com/pictures2/portraits/10/100/9.jpg,63.0,Fixer,65.0,Marvel Comics,35.0,44.0,0 
262,good,32.0,50.0,Male,1.8,263,https://www.superherodb.com/pictures2/portraits/10/100/891.jpg,63.0,Flash,68.0,DC Comics,100.0,10.0,81 
267,good,48.0,28.0,no defined,1.83,268,https://www.superherodb.com/pictures2/portraits/10/100/62.jpg,63.0,Forge,25.0,Marvel Comics,12.0,10.0,81 
268,good,50.0,60.0,Male,1.42,269,https://www.superherodb.com/pictures2/portraits/10/100/63.jpg,63.0,Franklin Richards,100.0,Marvel Comics,50.0,80.0,45 
269,good,10.0,1.0,no defined,1.88,270,https://www.superherodb.com/pictures2/portraits/10/100/170.jpg,38.0,Franklin Storm,0.0,Marvel Comics,1.0,10.0,92 
270,bad,52.0,100.0,Female,2.11,271,https://www.superherodb.com/pictures2/portraits/10/100/1108.jpg,63.0,Frenzy,38.0,Marvel Comics,35.0,53.0,104 
271,good,64.0,64.0,Female,1.8,272,https://www.superherodb.com/pictures2/portraits/10/100/172.jpg,63.0,Frigga,65.0,Marvel Comics,35.0,44.0,167 
272,neutral,50.0,100.0,Male,8.76,273,https://www.superherodb.com/pictures2/portraits/10/100/862.jpg,100.0,Galactus,100.0,Marvel Comics,83.0,100.0,14514.96
273,good,84.0,28.0,Male,1.85,274,https://www.superherodb.com/pictures2/portraits/10/100/64.jpg,63.0,Gambit,55.0,Marvel Comics,23.0,10.0,81 
274,good,100.0,85.0,Female,1.83,275,https://www.superherodb.com/pictures2/portraits/10/100/65.jpg,75.0,Gamora,53.0,Marvel Comics,42.0,85.0,77 
275,good,60.0,60.0,Male,0.0,276,https://www.superherodb.com/pictures2/portraits/10/100/1467.jpg,69.0,Garbage Man,74.5,DC Comics,33.0,82.0,0 
277,bad,95.0,100.0,Male,0.0,278,https://www.superherodb.com/pictures2/portraits/10/100/837.jpg,94.0,General Zod,100.0,DC Comics,96.0,100.0,0 
278,good,64.0,64.0,Male,1.85,279,https://www.superherodb.com/pictures2/portraits/10/100/1055.jpg,63.0,Genesis,65.0,Marvel Comics,35.0,68.0,86 
279,good,60.0,100.0,Male,1.88,280,https://www.superherodb.com/pictures2/portraits/10/100/67.jpg,50.0,Ghost Rider,100.0,Marvel Comics,25.0,55.0,99 
280,good,64.0,64.0,no defined,0.0,281,https://www.superherodb.com/pictures2/portraits/10/100/68.jpg,63.0,Ghost Rider II,65.0,Marvel Comics,35.0,70.0,0 
282,good,64.0,64.0,Male,0.0,283,https://www.superherodb.com/pictures2/portraits/10/100/343.jpg,63.0,Giant-Man II,65.0,Marvel Comics,35.0,44.0,0 
283,bad,42.0,85.0,Female,62.5,284,https://www.superherodb.com/pictures2/portraits/10/100/1376.jpg,81.0,Giganta,32.0,DC Comics,23.0,89.0,630 
284,neutral,70.0,100.0,Male,1.98,285,https://www.superherodb.com/pictures2/portraits/10/100/1521.jpg,50.0,Gladiator,77.0,Marvel Comics,100.0,100.0,268 
285,bad,56.0,28.0,Female,1.68,286,https://www.superherodb.com/pictures2/portraits/10/100/1054.jpg,75.0,Goblin Queen,65.0,Marvel Comics,23.0,10.0,50 
287,bad,56.0,72.0,Male,0.0,288,https://www.superherodb.com/pictures2/portraits/10/100/693.jpg,50.0,Gog,39.0,DC Comics,47.0,34.0,0 
292,good,64.0,64.0,Male,1.83,293,https://www.superherodb.com/pictures2/portraits/10/100/879.jpg,63.0,Goliath IV,65.0,Marvel Comics,35.0,44.0,90 
293,bad,65.0,70.0,Male,1.98,294,https://www.superherodb.com/pictures2/portraits/10/100/694.jpg,81.0,Gorilla Grodd,100.0,DC Comics,33.0,53.0,270 
294,bad,60.0,60.0,Female,1.78,295,https://www.superherodb.com/pictures2/portraits/10/100/1344.jpg,69.0,Granny Goodness,74.5,DC Comics,33.0,96.0,115 
295,good,30.0,40.0,Male,1.78,296,https://www.superherodb.com/pictures2/portraits/10/100/74.jpg,50.0,Gravity,69.0,Marvel Comics,33.0,32.0,79 
297,good,90.0,28.0,Male,1.88,298,https://www.superherodb.com/pictures2/portraits/10/100/696.jpg,81.0,Green Arrow,39.0,DC Comics,35.0,12.0,88 
298,bad,50.0,60.0,Male,1.8,299,https://www.superherodb.com/pictures2/portraits/10/100/579.jpg,100.0,Green Goblin,48.0,Marvel Comics,38.0,48.0,83 
299,bad,26.0,50.0,Male,1.78,300,https://www.superherodb.com/pictures2/portraits/10/100/25.jpg,75.0,Green Goblin II,44.0,Marvel Comics,37.0,55.0,77 
300,good,64.0,64.0,Male,1.83,301,https://www.superherodb.com/pictures2/portraits/10/100/351.jpg,63.0,Green Goblin III,65.0,Marvel Comics,35.0,44.0,88 
301,good,64.0,64.0,Male,1.78,302,https://www.superherodb.com/pictures2/portraits/10/100/75.jpg,63.0,Green Goblin IV,65.0,Marvel Comics,35.0,44.0,79 
302,good,64.0,70.0,Male,7.01,303,https://www.superherodb.com/pictures2/portraits/10/100/10017.jpg,75.0,Groot,100.0,Marvel Comics,33.0,85.0,3628.74
303,good,64.0,64.0,Male,0.0,304,https://www.superherodb.com/pictures2/portraits/10/100/76.jpg,63.0,Guardian,65.0,Marvel Comics,35.0,45.0,0 
304,good,64.0,64.0,Male,1.88,305,https://www.superherodb.com/pictures2/portraits/10/100/700.jpg,38.0,Guy Gardner,100.0,DC Comics,53.0,90.0,95 
305,good,70.0,80.0,Male,1.88,306,https://www.superherodb.com/pictures2/portraits/10/100/697.jpg,69.0,Hal Jordan,100.0,DC Comics,75.0,90.0,90 
308,bad,80.0,65.0,Female,1.7,309,https://www.superherodb.com/pictures2/portraits/10/100/701.jpg,88.0,Harley Quinn,55.0,DC Comics,33.0,12.0,63 
310,good,45.0,60.0,Male,1.83,311,https://www.superherodb.com/pictures2/portraits/10/100/77.jpg,63.0,Havok,71.0,Marvel Comics,25.0,10.0,79 
311,good,42.0,95.0,Male,1.85,312,https://www.superherodb.com/pictures2/portraits/10/100/1382.jpg,38.0,Hawk,43.0,DC Comics,35.0,38.0,89 
313,good,50.0,10.0,Female,1.65,314,https://www.superherodb.com/pictures2/portraits/10/100/10043.jpg,50.0,Hawkeye II,24.0,Marvel Comics,8.0,6.0,57 
314,good,72.0,99.0,Female,1.75,315,https://www.superherodb.com/pictures2/portraits/10/100/703.jpg,50.0,Hawkgirl,96.0,DC Comics,53.0,28.0,61 
315,good,60.0,60.0,Male,1.85,316,https://www.superherodb.com/pictures2/portraits/10/100/839.jpg,69.0,Hawkman,74.5,DC Comics,33.0,66.0,88 
316,good,60.0,60.0,Female,1.75,317,https://www.superherodb.com/pictures2/portraits/10/100/702.jpg,69.0,Hawkwoman,74.5,DC Comics,33.0,96.0,54 
317,good,60.0,60.0,Female,0.0,318,https://www.superherodb.com/pictures2/portraits/10/100/1129.jpg,69.0,Hawkwoman II,74.5,DC Comics,33.0,38.0,0 
318,good,60.0,60.0,Female,1.7,319,https://www.superherodb.com/pictures2/portraits/10/100/1130.jpg,69.0,Hawkwoman III,74.5,DC Comics,33.0,92.0,65 
319,bad,30.0,45.0,Male,1.8,320,https://www.superherodb.com/pictures2/portraits/10/100/705.jpg,38.0,Heat Wave,27.0,DC Comics,17.0,10.0,81 
320,bad,45.0,100.0,Female,2.13,321,https://www.superherodb.com/pictures2/portraits/10/100/10835.jpg,63.0,Hela,100.0,Marvel Comics,46.0,100.0,225 
322,good,70.0,45.0,Female,1.73,323,https://www.superherodb.com/pictures2/portraits/10/100/79.jpg,63.0,Hellcat,46.0,Marvel Comics,33.0,11.0,61 
323,good,64.0,64.0,Male,1.85,324,https://www.superherodb.com/pictures2/portraits/10/100/80.jpg,63.0,Hellstorm,65.0,Marvel Comics,35.0,56.0,81 
324,good,100.0,85.0,Male,1.96,325,https://www.superherodb.com/pictures2/portraits/10/100/78.jpg,63.0,Hercules,89.0,Marvel Comics,46.0,100.0,146 
327,bad,64.0,64.0,Male,1.8,328,https://www.superherodb.com/pictures2/portraits/10/100/896.jpg,63.0,Hobgoblin,65.0,Marvel Comics,35.0,53.0,83 
328,good,64.0,64.0,Female,1.7,329,https://www.superherodb.com/pictures2/portraits/10/100/931.jpg,63.0,Hollow,65.0,Marvel Comics,35.0,44.0,0 
329,good,75.0,32.0,Female,1.68,330,https://www.superherodb.com/pictures2/portraits/10/100/1351.jpg,63.0,Hope Summers,93.0,Marvel Comics,12.0,10.0,48 
330,good,64.0,64.0,Male,0.79,331,https://www.superherodb.com/pictures2/portraits/10/100/82.jpg,63.0,Howard the Duck,65.0,Marvel Comics,35.0,44.0,18 
331,good,85.0,100.0,Male,2.44,332,https://www.superherodb.com/pictures2/portraits/10/100/83.jpg,88.0,Hulk,98.0,Marvel Comics,63.0,100.0,630 
332,good,42.0,70.0,Male,1.78,333,https://www.superherodb.com/pictures2/portraits/10/100/362.jpg,63.0,Human Torch,87.0,Marvel Comics,63.0,11.0,77 
334,good,64.0,78.0,Female,1.7,335,https://www.superherodb.com/pictures2/portraits/10/100/84.jpg,63.0,Husk,48.0,Marvel Comics,35.0,63.0,58 
335,good,80.0,75.0,Male,1.75,336,https://www.superherodb.com/pictures2/portraits/10/100/10493.jpg,63.0,Hybrid,100.0,Marvel Comics,58.0,63.0,77 
336,bad,50.0,80.0,Male,1.88,337,https://www.superherodb.com/pictures2/portraits/10/100/1451.jpg,38.0,Hydro-Man,66.0,Marvel Comics,25.0,13.0,119 
337,good,80.0,95.0,Male,1.83,338,https://www.superherodb.com/pictures2/portraits/10/100/1286.jpg,88.0,Hyperion,87.0,Marvel Comics,100.0,100.0,207 
338,good,64.0,100.0,Male,1.73,339,https://www.superherodb.com/pictures2/portraits/10/100/816.jpg,63.0,Iceman,100.0,Marvel Comics,53.0,32.0,65 
341,neutral,50.0,50.0,Female,0.0,342,https://www.superherodb.com/pictures2/portraits/10/100/708.jpg,75.0,Indigo,100.0,DC Comics,50.0,63.0,0 
342,good,50.0,40.0,Male,1.8,343,https://www.superherodb.com/pictures2/portraits/10/100/10337.jpg,38.0,Ink,73.0,Marvel Comics,17.0,28.0,81 
343,good,56.0,85.0,Female,1.68,344,https://www.superherodb.com/pictures2/portraits/10/100/620.jpg,88.0,Invisible Woman,93.0,Marvel Comics,27.0,10.0,54 
344,good,100.0,50.0,Male,1.8,345,https://www.superherodb.com/pictures2/portraits/10/100/1120.jpg,75.0,Iron Fist,95.0,Marvel Comics,33.0,55.0,79 
345,good,64.0,85.0,Male,1.98,346,https://www.superherodb.com/pictures2/portraits/10/100/85.jpg,100.0,Iron Man,100.0,Marvel Comics,58.0,85.0,191 
346,bad,56.0,90.0,Male,0.0,347,https://www.superherodb.com/pictures2/portraits/10/100/886.jpg,88.0,Iron Monger,57.0,Marvel Comics,25.0,63.0,1814.37
347,good,56.0,46.0,Female,0.0,348,https://www.superherodb.com/pictures2/portraits/10/100/1164.jpg,75.0,Isis,50.0,DC Comics,75.0,48.0,0 
349,good,30.0,30.0,Male,1.55,350,https://www.superherodb.com/pictures2/portraits/10/100/86.jpg,63.0,Jack of Hearts,77.0,Marvel Comics,100.0,55.0,79 
357,good,72.0,42.0,Female,1.68,358,https://www.superherodb.com/pictures2/portraits/10/100/1321.jpg,75.0,Jennifer Kale,74.0,Marvel Comics,35.0,10.0,55 
359,good,55.0,50.0,Female,0.0,360,https://www.superherodb.com/pictures2/portraits/10/100/10650.jpg,56.0,Jessica Cruz,100.0,DC Comics,46.0,90.0,0 
362,bad,64.0,64.0,Male,1.88,363,https://www.superherodb.com/pictures2/portraits/10/100/887.jpg,63.0,Jigsaw,65.0,Marvel Comics,35.0,44.0,113 
366,good,65.0,40.0,Male,1.83,367,https://www.superherodb.com/pictures2/portraits/10/100/718.jpg,63.0,John Constantine,54.0,DC Comics,8.0,10.0,0 
367,good,65.0,64.0,Male,1.85,368,https://www.superherodb.com/pictures2/portraits/10/100/873.jpg,56.0,John Stewart,100.0,DC Comics,42.0,85.0,90 
368,good,80.0,28.0,Male,1.83,369,https://www.superherodb.com/pictures2/portraits/10/100/1314.jpg,75.0,John Wraith,87.0,Marvel Comics,35.0,12.0,88 
369,bad,70.0,60.0,Male,1.96,370,https://www.superherodb.com/pictures2/portraits/10/100/719.jpg,100.0,Joker,43.0,DC Comics,12.0,10.0,86 
370,good,42.0,32.0,Female,1.65,371,https://www.superherodb.com/pictures2/portraits/10/100/1323.jpg,63.0,Jolt,31.0,Marvel Comics,27.0,12.0,49 
371,good,90.0,20.0,Female,1.65,372,https://www.superherodb.com/pictures2/portraits/10/100/87.jpg,56.0,Jubilee,66.0,Marvel Comics,22.0,8.0,52 
373,neutral,70.0,100.0,Male,2.87,374,https://www.superherodb.com/pictures2/portraits/10/100/826.jpg,44.0,Juggernaut,85.0,Marvel Comics,42.0,100.0,855 
374,bad,30.0,90.0,Male,0.0,375,https://www.superherodb.com/pictures2/portraits/10/100/10002.jpg,50.0,Junkpile,81.0,Marvel Comics,17.0,38.0,0 
375,good,30.0,70.0,Male,1.78,376,https://www.superherodb.com/pictures2/portraits/10/100/88.jpg,50.0,Justice,55.0,Marvel Comics,33.0,10.0,81 
381,good,40.0,14.0,Male,0.0,382,https://www.superherodb.com/pictures2/portraits/10/100/1408.jpg,25.0,Kevin 11,100.0,DC Comics,12.0,7.0,0 
383,good,30.0,42.0,Male,0.0,384,https://www.superherodb.com/pictures2/portraits/10/100/722.jpg,25.0,Kid Flash,20.0,DC Comics,92.0,4.0,0 
385,bad,60.0,90.0,Male,2.44,386,https://www.superherodb.com/pictures2/portraits/10/100/723.jpg,19.0,Killer Croc,53.0,DC Comics,35.0,53.0,356 
386,bad,30.0,35.0,Female,0.0,387,https://www.superherodb.com/pictures2/portraits/10/100/10508.jpg,88.0,Killer Frost,59.0,DC Comics,13.0,10.0,0 
387,good,80.0,42.0,Male,2.34,388,https://www.superherodb.com/pictures2/portraits/10/100/1428.jpg,81.0,Kilowog,100.0,DC Comics,53.0,90.0,324 
389,bad,40.0,90.0,Male,0.0,390,https://www.superherodb.com/pictures2/portraits/10/100/10512.jpg,50.0,King Shark,86.0,DC Comics,50.0,88.0,0 
390,bad,70.0,40.0,Male,2.01,391,https://www.superherodb.com/pictures2/portraits/10/100/623.jpg,75.0,Kingpin,13.0,Marvel Comics,25.0,18.0,203 
391,bad,60.0,100.0,Male,1.88,392,https://www.superherodb.com/pictures2/portraits/10/100/1539.jpg,63.0,Klaw,62.0,Marvel Comics,33.0,38.0,97 
393,bad,85.0,28.0,Male,1.91,394,https://www.superherodb.com/pictures2/portraits/10/100/1034.jpg,50.0,Kraven II,43.0,Marvel Comics,23.0,34.0,99 
394,bad,85.0,42.0,Male,1.83,395,https://www.superherodb.com/pictures2/portraits/10/100/1033.jpg,63.0,Kraven the Hunter,25.0,Marvel Comics,35.0,32.0,106 
395,good,40.0,90.0,Male,0.64,396,https://www.superherodb.com/pictures2/portraits/10/100/725.jpg,9.0,Krypto,82.0,DC Comics,100.0,80.0,18 
396,good,60.0,60.0,Male,1.8,397,https://www.superherodb.com/pictures2/portraits/10/100/1409.jpg,69.0,Kyle Rayner,100.0,DC Comics,50.0,90.0,79 
398,bad,64.0,64.0,Female,0.0,399,https://www.superherodb.com/pictures2/portraits/10/100/1170.jpg,63.0,Lady Bullseye,65.0,Marvel Comics,35.0,63.0,0 
399,bad,90.0,85.0,Female,1.75,400,https://www.superherodb.com/pictures2/portraits/10/100/810.jpg,63.0,Lady Deathstrike,48.0,Marvel Comics,42.0,28.0,58 
400,bad,42.0,14.0,Male,1.78,401,https://www.superherodb.com/pictures2/portraits/10/100/885.jpg,100.0,Leader,59.0,Marvel Comics,12.0,10.0,63 
401,good,14.0,14.0,Male,0.0,402,https://www.superherodb.com/pictures2/portraits/10/100/834.jpg,25.0,Leech,62.0,Marvel Comics,12.0,5.0,0 
402,good,75.0,30.0,Male,1.75,403,https://www.superherodb.com/pictures2/portraits/10/100/10651.jpg,50.0,Legion,100.0,Marvel Comics,42.0,100.0,59 
404,bad,70.0,65.0,Male,1.88,405,https://www.superherodb.com/pictures2/portraits/10/100/727.jpg,100.0,Lex Luthor,68.0,DC Comics,25.0,53.0,95 
405,good,42.0,28.0,Female,1.65,406,https://www.superherodb.com/pictures2/portraits/10/100/1178.jpg,38.0,Light Lass,67.0,DC Comics,35.0,10.0,54 
406,good,42.0,28.0,Male,1.55,407,https://www.superherodb.com/pictures2/portraits/10/100/1177.jpg,38.0,Lightning Lad,60.0,DC Comics,23.0,10.0,65 
407,bad,42.0,42.0,Male,1.91,408,https://www.superherodb.com/pictures2/portraits/10/100/1179.jpg,44.0,Lightning Lord,66.0,DC Comics,23.0,10.0,95 
408,bad,28.0,56.0,no defined,1.98,409,https://www.superherodb.com/pictures2/portraits/10/100/1037.jpg,75.0,Living Brain,31.0,Marvel Comics,35.0,53.0,360 
409,neutral,30.0,100.0,no defined,0.0,410,https://www.superherodb.com/pictures2/portraits/10/100/10523.jpg,100.0,Living Tribunal,100.0,Marvel Comics,100.0,100.0,0 
411,bad,56.0,70.0,Male,2.03,412,https://www.superherodb.com/pictures2/portraits/10/100/11.jpg,50.0,Lizard,63.0,Marvel Comics,27.0,51.0,230 
412,neutral,85.0,100.0,Male,2.29,413,https://www.superherodb.com/pictures2/portraits/10/100/1127.jpg,94.0,Lobo,100.0,DC Comics,54.0,100.0,288 
413,bad,60.0,85.0,Male,1.93,414,https://www.superherodb.com/pictures2/portraits/10/100/928.jpg,88.0,Loki,100.0,Marvel Comics,46.0,63.0,236 
414,good,70.0,10.0,Male,1.88,415,https://www.superherodb.com/pictures2/portraits/10/100/1531.jpg,50.0,Longshot,71.0,Marvel Comics,27.0,10.0,36 
418,good,14.0,14.0,Female,0.0,419,https://www.superherodb.com/pictures2/portraits/10/100/933.jpg,38.0,Luna,53.0,Marvel Comics,83.0,6.0,0 
419,good,64.0,64.0,Female,0.0,420,https://www.superherodb.com/pictures2/portraits/10/100/1017.jpg,63.0,Lyja,65.0,Marvel Comics,35.0,44.0,0 
420,bad,56.0,84.0,Male,1.8,421,https://www.superherodb.com/pictures2/portraits/10/100/370.jpg,75.0,Mach-IV,60.0,Marvel Comics,60.0,36.0,79 
421,good,64.0,84.0,no defined,1.83,422,https://www.superherodb.com/pictures2/portraits/10/100/90.jpg,63.0,Machine Man,51.0,Marvel Comics,35.0,32.0,383 
422,bad,80.0,84.0,Male,1.88,423,https://www.superherodb.com/pictures2/portraits/10/100/12.jpg,88.0,Magneto,91.0,Marvel Comics,27.0,80.0,86 
423,good,72.0,64.0,Male,0.0,424,https://www.superherodb.com/pictures2/portraits/10/100/1324.jpg,50.0,Magog,66.0,DC Comics,23.0,48.0,0 
424,bad,74.0,99.0,Male,1.83,425,https://www.superherodb.com/pictures2/portraits/10/100/1297.jpg,88.0,Magus,100.0,Marvel Comics,70.0,100.0,0 
426,neutral,30.0,70.0,Male,0.0,427,https://www.superherodb.com/pictures2/portraits/10/100/731.jpg,38.0,Man-Bat,33.0,DC Comics,50.0,18.0,0 
427,good,40.0,100.0,Male,2.13,428,https://www.superherodb.com/pictures2/portraits/10/100/382.jpg,50.0,Man-Thing,100.0,Marvel Comics,8.0,32.0,225 
428,good,70.0,42.0,Male,1.88,429,https://www.superherodb.com/pictures2/portraits/10/100/91.jpg,63.0,Man-Wolf,45.0,Marvel Comics,35.0,44.0,90 
429,bad,95.0,28.0,Male,1.88,430,https://www.superherodb.com/pictures2/portraits/10/100/1175.jpg,100.0,Mandarin,100.0,Marvel Comics,23.0,28.0,97 
430,good,80.0,80.0,Female,1.68,431,https://www.superherodb.com/pictures2/portraits/10/100/384.jpg,63.0,Mantis,100.0,Marvel Comics,33.0,8.0,52 
431,good,85.0,100.0,Male,2.01,432,https://www.superherodb.com/pictures2/portraits/10/100/733.jpg,100.0,Martian Manhunter,100.0,DC Comics,92.0,95.0,135 
432,good,80.0,42.0,Female,1.7,433,https://www.superherodb.com/pictures2/portraits/10/100/94.jpg,63.0,Marvel Girl,100.0,Marvel Comics,47.0,85.0,56 
435,bad,70.0,85.0,Male,0.0,436,https://www.superherodb.com/pictures2/portraits/10/100/1459.jpg,75.0,Match,100.0,DC Comics,83.0,95.0,0 
437,good,85.0,42.0,Male,1.93,438,https://www.superherodb.com/pictures2/portraits/10/100/257.jpg,63.0,Maverick,60.0,Marvel Comics,12.0,10.0,110 
438,bad,75.0,56.0,Female,1.8,439,https://www.superherodb.com/pictures2/portraits/10/100/1168.jpg,75.0,Maxima,81.0,DC Comics,35.0,90.0,72 
440,good,56.0,70.0,Female,1.8,441,https://www.superherodb.com/pictures2/portraits/10/100/96.jpg,75.0,Medusa,37.0,Marvel Comics,35.0,34.0,59 
442,bad,42.0,95.0,Male,1.98,443,https://www.superherodb.com/pictures2/portraits/10/100/1322.jpg,88.0,Mephisto,100.0,Marvel Comics,35.0,85.0,140 
443,good,80.0,60.0,Female,1.75,444,https://www.superherodb.com/pictures2/portraits/10/100/1388.jpg,56.0,Mera,92.0,DC Comics,79.0,62.0,72 
444,bad,64.0,95.0,Male,1.96,445,https://www.superherodb.com/pictures2/portraits/10/100/737.jpg,75.0,Metallo,86.0,DC Comics,23.0,53.0,90 
445,good,60.0,60.0,Male,1.85,446,https://www.superherodb.com/pictures2/portraits/10/100/738.jpg,69.0,Metamorpho,74.5,DC Comics,33.0,82.0,90 
446,good,64.0,64.0,Female,0.0,447,https://www.superherodb.com/pictures2/portraits/10/100/1333.jpg,63.0,Meteorite,65.0,Marvel Comics,35.0,44.0,0 
447,good,28.0,56.0,Male,1.85,448,https://www.superherodb.com/pictures2/portraits/10/100/841.jpg,88.0,Metron,100.0,DC Comics,47.0,10.0,86 
450,good,32.0,28.0,Male,1.83,451,https://www.superherodb.com/pictures2/portraits/10/100/1181.jpg,38.0,Micro Lad,44.0,DC Comics,27.0,28.0,77 
451,good,42.0,56.0,Male,1.88,452,https://www.superherodb.com/pictures2/portraits/10/100/97.jpg,63.0,Mimic,79.0,Marvel Comics,47.0,67.0,101 
454,good,45.0,100.0,Female,1.78,455,https://www.superherodb.com/pictures2/portraits/10/100/1394.jpg,63.0,Miss Martian,100.0,DC Comics,58.0,85.0,61 
455,good,64.0,70.0,Male,1.85,456,https://www.superherodb.com/pictures2/portraits/10/100/408.jpg,100.0,Mister Fantastic,33.0,Marvel Comics,18.0,10.0,81 
456,bad,28.0,70.0,Male,1.83,457,https://www.superherodb.com/pictures2/portraits/10/100/742.jpg,75.0,Mister Freeze,37.0,DC Comics,12.0,32.0,86 
457,bad,65.0,30.0,Male,0.0,458,https://www.superherodb.com/pictures2/portraits/10/100/10633.jpg,75.0,Mister Knife,13.0,Marvel Comics,17.0,10.0,0 
458,bad,50.0,100.0,Male,0.0,459,https://www.superherodb.com/pictures2/portraits/10/100/744.jpg,100.0,Mister Mxyzptlk,100.0,DC Comics,100.0,85.0,0 
459,bad,50.0,90.0,Male,1.96,460,https://www.superherodb.com/pictures2/portraits/10/100/856.jpg,100.0,Mister Sinister,100.0,Marvel Comics,46.0,48.0,128 
460,bad,85.0,28.0,Male,0.0,461,https://www.superherodb.com/pictures2/portraits/10/100/1486.jpg,88.0,Mister Zsasz,18.0,DC Comics,33.0,22.0,0 
461,good,95.0,20.0,Female,1.75,462,https://www.superherodb.com/pictures2/portraits/10/100/1328.jpg,75.0,Mockingbird,48.0,Marvel Comics,38.0,31.0,61 
462,bad,15.0,25.0,Male,3.66,463,https://www.superherodb.com/pictures2/portraits/10/100/10438.jpg,100.0,MODOK,79.0,Marvel Comics,25.0,18.0,338 
463,good,60.0,60.0,Male,0.0,464,https://www.superherodb.com/pictures2/portraits/10/100/1432.jpg,69.0,Mogo,74.5,DC Comics,33.0,38.0,0 
465,bad,60.0,60.0,Male,0.0,466,https://www.superherodb.com/pictures2/portraits/10/100/1061.jpg,69.0,Moloch,74.5,DC Comics,33.0,38.0,0 
466,bad,56.0,84.0,Male,1.96,467,https://www.superherodb.com/pictures2/portraits/10/100/411.jpg,50.0,Molten Man,53.0,Marvel Comics,23.0,73.0,248 
467,good,60.0,60.0,Male,1.93,468,https://www.superherodb.com/pictures2/portraits/10/100/1006.jpg,69.0,Monarch,74.5,DC Comics,33.0,100.0,90 
469,good,75.0,42.0,Male,1.88,470,https://www.superherodb.com/pictures2/portraits/10/100/415.jpg,50.0,Moon Knight,28.0,Marvel Comics,23.0,36.0,101 
470,bad,80.0,52.0,Female,1.8,471,https://www.superherodb.com/pictures2/portraits/10/100/100.jpg,56.0,Moonstone,74.0,Marvel Comics,47.0,67.0,59 
471,bad,56.0,42.0,Male,1.88,472,https://www.superherodb.com/pictures2/portraits/10/100/1171.jpg,63.0,Morlun,74.0,Marvel Comics,35.0,60.0,79 
472,good,64.0,64.0,Male,1.78,473,https://www.superherodb.com/pictures2/portraits/10/100/102.jpg,63.0,Morph,65.0,Marvel Comics,35.0,40.0,79 
473,bad,56.0,42.0,Male,1.75,474,https://www.superherodb.com/pictures2/portraits/10/100/1020.jpg,75.0,Moses Magnum,55.0,Marvel Comics,12.0,28.0,72 
474,good,30.0,100.0,Male,1.88,475,https://www.superherodb.com/pictures2/portraits/10/100/10794.jpg,50.0,Mr Immortal,69.0,Marvel Comics,8.0,10.0,70 
477,good,62.0,70.0,Male,1.8,478,https://www.superherodb.com/pictures2/portraits/10/100/104.jpg,63.0,Multiple Man,28.0,Marvel Comics,23.0,11.0,70 
478,bad,70.0,40.0,Male,1.8,479,https://www.superherodb.com/pictures2/portraits/10/100/1039.jpg,81.0,Mysterio,82.0,Marvel Comics,17.0,10.0,79 
479,bad,74.0,64.0,Female,1.78,480,https://www.superherodb.com/pictures2/portraits/10/100/817.jpg,75.0,Mystique,64.0,Marvel Comics,23.0,12.0,54 
480,good,85.0,70.0,Male,1.88,481,https://www.superherodb.com/pictures2/portraits/10/100/137.jpg,69.0,Namor,73.0,Marvel Comics,58.0,95.0,125 
482,good,64.0,42.0,Female,1.8,483,https://www.superherodb.com/pictures2/portraits/10/100/1364.jpg,50.0,Namora,48.0,Marvel Comics,42.0,85.0,85 
483,good,70.0,70.0,Female,1.68,484,https://www.superherodb.com/pictures2/portraits/10/100/106.jpg,50.0,Namorita,37.0,Marvel Comics,47.0,72.0,101 
486,bad,60.0,50.0,Female,1.85,487,https://www.superherodb.com/pictures2/portraits/10/100/10632.jpg,63.0,Nebula,42.0,Marvel Comics,13.0,52.0,83 
487,good,35.0,10.0,Female,0.0,488,https://www.superherodb.com/pictures2/portraits/10/100/10556.jpg,50.0,Negasonic Teenage Warhead,45.0,Marvel Comics,8.0,7.0,0 
488,good,100.0,42.0,Male,1.85,489,https://www.superherodb.com/pictures2/portraits/10/100/326.jpg,75.0,Nick Fury,25.0,Marvel Comics,23.0,11.0,99 
489,good,80.0,14.0,Male,1.75,490,https://www.superherodb.com/pictures2/portraits/10/100/107.jpg,50.0,Nightcrawler,76.0,Marvel Comics,47.0,10.0,88 
493,good,60.0,60.0,Male,0.0,494,https://www.superherodb.com/pictures2/portraits/10/100/1059.jpg,69.0,Nite Owl II,74.5,DC Comics,33.0,45.0,0 
494,good,70.0,56.0,Male,1.8,495,https://www.superherodb.com/pictures2/portraits/10/100/1287.jpg,50.0,Northstar,65.0,Marvel Comics,83.0,18.0,83 
495,good,80.0,100.0,Male,1.85,496,https://www.superherodb.com/pictures2/portraits/10/100/109.jpg,100.0,Nova,100.0,Marvel Comics,75.0,85.0,86 
497,good,90.0,95.0,Male,2.06,498,https://www.superherodb.com/pictures2/portraits/10/100/10388.jpg,100.0,Odin,100.0,Marvel Comics,67.0,83.0,293 
498,good,56.0,99.0,Male,0.0,499,https://www.superherodb.com/pictures2/portraits/10/100/1298.jpg,50.0,Offspring,100.0,DC Comics,35.0,10.0,0 
499,bad,64.0,64.0,Male,2.11,500,https://www.superherodb.com/pictures2/portraits/10/100/208.jpg,63.0,Omega Red,65.0,Marvel Comics,35.0,61.0,191 
502,neutral,100.0,100.0,no defined,0.0,503,https://www.superherodb.com/pictures2/portraits/10/100/10374.jpg,100.0,One-Above-All,100.0,Marvel Comics,100.0,100.0,0 
503,bad,55.0,100.0,Male,3.05,504,https://www.superherodb.com/pictures2/portraits/10/100/13.jpg,88.0,Onslaught,100.0,Marvel Comics,33.0,100.0,405 
505,good,42.0,95.0,Male,0.0,506,https://www.superherodb.com/pictures2/portraits/10/100/1165.jpg,75.0,Osiris,65.0,DC Comics,60.0,85.0,0 
507,bad,95.0,20.0,Male,0.0,508,https://www.superherodb.com/pictures2/portraits/10/100/1063.jpg,100.0,Ozymandias,49.0,DC Comics,33.0,18.0,0 
508,bad,25.0,50.0,no defined,0.0,509,https://www.superherodb.com/pictures2/portraits/10/100/10806.jpg,9.0,Parademon,53.0,DC Comics,17.0,28.0,0 
510,good,64.0,64.0,no defined,0.0,511,https://www.superherodb.com/pictures2/portraits/10/100/929.jpg,63.0,Penance,65.0,Marvel Comics,35.0,44.0,0 
511,good,64.0,64.0,Female,0.0,512,https://www.superherodb.com/pictures2/portraits/10/100/930.jpg,63.0,Penance I,65.0,Marvel Comics,35.0,44.0,0 
513,bad,45.0,28.0,Male,1.57,514,https://www.superherodb.com/pictures2/portraits/10/100/753.jpg,75.0,Penguin,30.0,DC Comics,12.0,10.0,79 
514,good,60.0,60.0,Male,0.0,515,https://www.superherodb.com/pictures2/portraits/10/100/889.jpg,69.0,Phantom,74.5,DC Comics,33.0,48.0,0 
515,good,42.0,28.0,Female,1.68,516,https://www.superherodb.com/pictures2/portraits/10/100/1184.jpg,38.0,Phantom Girl,53.0,DC Comics,23.0,10.0,54 
517,bad,25.0,55.0,Male,1.83,518,https://www.superherodb.com/pictures2/portraits/10/100/10487.jpg,63.0,Plantman,61.0,Marvel Comics,25.0,60.0,87 
518,good,60.0,60.0,Male,0.0,519,https://www.superherodb.com/pictures2/portraits/10/100/1299.jpg,69.0,Plastic Lad,74.5,DC Comics,33.0,38.0,0 
519,good,56.0,100.0,Male,1.85,520,https://www.superherodb.com/pictures2/portraits/10/100/756.jpg,50.0,Plastic Man,100.0,DC Comics,23.0,63.0,80 
520,bad,42.0,28.0,Female,1.68,521,https://www.superherodb.com/pictures2/portraits/10/100/1176.jpg,50.0,Plastique,60.0,DC Comics,23.0,10.0,55 
521,bad,40.0,40.0,Female,1.68,522,https://www.superherodb.com/pictures2/portraits/10/100/757.jpg,81.0,Poison Ivy,100.0,DC Comics,21.0,14.0,50 
522,good,45.0,50.0,Female,1.7,523,https://www.superherodb.com/pictures2/portraits/10/100/1046.jpg,63.0,Polaris,100.0,Marvel Comics,42.0,73.0,52 
523,good,75.0,100.0,Female,1.8,524,https://www.superherodb.com/pictures2/portraits/10/100/758.jpg,94.0,Power Girl,100.0,DC Comics,100.0,100.0,81 
526,good,32.0,14.0,Male,1.83,527,https://www.superherodb.com/pictures2/portraits/10/100/113.jpg,100.0,Professor X,100.0,Marvel Comics,12.0,8.0,86 
527,bad,20.0,20.0,Male,1.8,528,https://www.superherodb.com/pictures2/portraits/10/100/766.jpg,94.0,Professor Zoom,83.0,DC Comics,100.0,10.0,81 
528,good,90.0,40.0,Female,1.8,529,https://www.superherodb.com/pictures2/portraits/10/100/114.jpg,63.0,Psylocke,100.0,Marvel Comics,25.0,33.0,70 
529,good,100.0,45.0,Male,1.83,530,https://www.superherodb.com/pictures2/portraits/10/100/112.jpg,69.0,Punisher,42.0,Marvel Comics,21.0,16.0,90 
530,bad,10.0,30.0,Male,1.8,531,https://www.superherodb.com/pictures2/portraits/10/100/10451.jpg,56.0,Purple Man,92.0,Marvel Comics,8.0,10.0,74 
531,bad,28.0,14.0,Male,1.78,532,https://www.superherodb.com/pictures2/portraits/10/100/853.jpg,38.0,Pyro,54.0,Marvel Comics,12.0,10.0,68 
534,good,80.0,35.0,Male,1.88,535,https://www.superherodb.com/pictures2/portraits/10/100/760.jpg,81.0,Question,20.0,DC Comics,27.0,14.0,83 
535,good,56.0,60.0,Male,1.83,536,https://www.superherodb.com/pictures2/portraits/10/100/115.jpg,63.0,Quicksilver,81.0,Marvel Comics,100.0,28.0,79 
536,good,14.0,14.0,Male,1.63,537,https://www.superherodb.com/pictures2/portraits/10/100/830.jpg,38.0,Quill,23.0,Marvel Comics,12.0,10.0,56 
537,bad,100.0,42.0,Male,1.93,538,https://www.superherodb.com/pictures2/portraits/10/100/761.jpg,100.0,Ra's Al Ghul,27.0,DC Comics,32.0,28.0,97 
541,neutral,40.0,70.0,Female,1.65,542,https://www.superherodb.com/pictures2/portraits/10/100/764.jpg,50.0,Raven,84.0,DC Comics,29.0,10.0,50 
542,good,20.0,100.0,Male,1.78,543,https://www.superherodb.com/pictures2/portraits/10/100/10204.jpg,50.0,Ray,100.0,DC Comics,92.0,10.0,70 
543,bad,64.0,64.0,Male,1.91,544,https://www.superherodb.com/pictures2/portraits/10/100/935.jpg,63.0,Razor-Fist II,65.0,Marvel Comics,35.0,44.0,117 
544,good,80.0,20.0,Male,1.8,545,https://www.superherodb.com/pictures2/portraits/10/100/1013.jpg,63.0,Red Arrow,23.0,DC Comics,25.0,16.0,83 
546,neutral,75.0,85.0,Male,2.13,547,https://www.superherodb.com/pictures2/portraits/10/100/1342.jpg,50.0,Red Hulk,82.0,Marvel Comics,47.0,100.0,630 
549,bad,80.0,14.0,Male,1.88,550,https://www.superherodb.com/pictures2/portraits/10/100/1392.jpg,75.0,Red Skull,19.0,Marvel Comics,12.0,10.0,108 
550,good,40.0,60.0,Male,1.85,551,https://www.superherodb.com/pictures2/portraits/10/100/1149.jpg,75.0,Red Tornado,100.0,DC Comics,67.0,38.0,146 
555,bad,85.0,90.0,Male,1.96,556,https://www.superherodb.com/pictures2/portraits/10/100/15.jpg,25.0,Rhino,36.0,Marvel Comics,43.0,80.0,320 
556,bad,95.0,28.0,Male,1.85,557,https://www.superherodb.com/pictures2/portraits/10/100/1352.jpg,88.0,Rick Flag,19.0,DC Comics,23.0,11.0,85 
557,bad,14.0,14.0,Male,0.0,558,https://www.superherodb.com/pictures2/portraits/10/100/768.jpg,100.0,Riddler,10.0,DC Comics,12.0,10.0,0 
558,good,25.0,10.0,Male,0.0,559,https://www.superherodb.com/pictures2/portraits/10/100/10543.jpg,100.0,Rip Hunter,100.0,DC Comics,8.0,8.0,0 
559,good,64.0,64.0,Female,1.8,560,https://www.superherodb.com/pictures2/portraits/10/100/1291.jpg,63.0,Ripcord,65.0,Marvel Comics,35.0,44.0,72 
563,good,65.0,16.0,Male,1.37,564,https://www.superherodb.com/pictures2/portraits/10/100/1473.jpg,69.0,Robin V,29.0,DC Comics,33.0,8.0,38 
564,neutral,70.0,20.0,Female,0.0,565,https://www.superherodb.com/pictures2/portraits/10/100/10394.jpg,50.0,Robin VI,17.0,DC Comics,25.0,8.0,0 
565,good,64.0,28.0,Male,1.22,566,https://www.superherodb.com/pictures2/portraits/10/100/10010.jpg,50.0,Rocket Raccoon,28.0,Marvel Comics,23.0,5.0,25 
566,good,80.0,28.0,Female,1.73,567,https://www.superherodb.com/pictures2/portraits/10/100/831.jpg,75.0,Rogue,80.0,Marvel Comics,12.0,10.0,54 
568,good,80.0,20.0,Male,1.68,569,https://www.superherodb.com/pictures2/portraits/10/100/771.jpg,75.0,Rorschach,23.0,DC Comics,29.0,10.0,63 
569,bad,100.0,90.0,Male,1.98,570,https://www.superherodb.com/pictures2/portraits/10/100/17.jpg,56.0,Sabretooth,50.0,Marvel Comics,38.0,48.0,171 
570,good,56.0,14.0,Female,1.7,571,https://www.superherodb.com/pictures2/portraits/10/100/117.jpg,75.0,Sage,28.0,Marvel Comics,12.0,10.0,61 
571,neutral,60.0,90.0,Male,1.85,572,https://www.superherodb.com/pictures2/portraits/10/100/621.jpg,44.0,Sandman,100.0,Marvel Comics,46.0,75.0,203 
572,good,42.0,56.0,Male,3.05,573,https://www.superherodb.com/pictures2/portraits/10/100/863.jpg,75.0,Sasquatch,15.0,Marvel Comics,23.0,80.0,900 
575,bad,50.0,14.0,Male,1.83,576,https://www.superherodb.com/pictures2/portraits/10/100/819.jpg,81.0,Scarecrow,48.0,DC Comics,12.0,10.0,63 
577,good,56.0,40.0,Male,1.93,578,https://www.superherodb.com/pictures2/portraits/10/100/1536.jpg,88.0,Scarlet Spider II,37.0,Marvel Comics,60.0,55.0,113 
578,bad,80.0,70.0,Female,1.7,579,https://www.superherodb.com/pictures2/portraits/10/100/444.jpg,100.0,Scarlet Witch,100.0,Marvel Comics,29.0,10.0,59 
579,bad,28.0,28.0,Female,0.0,580,https://www.superherodb.com/pictures2/portraits/10/100/1123.jpg,38.0,Scorpia,34.0,Marvel Comics,42.0,28.0,0 
581,bad,56.0,95.0,Male,0.0,582,https://www.superherodb.com/pictures2/portraits/10/100/1482.jpg,63.0,Sebastian Shaw,36.0,Marvel Comics,12.0,85.0,0 
582,neutral,40.0,84.0,Male,1.88,583,https://www.superherodb.com/pictures2/portraits/10/100/447.jpg,75.0,Sentry,100.0,Marvel Comics,100.0,100.0,87 
583,good,75.0,100.0,no defined,1.85,584,https://www.superherodb.com/pictures2/portraits/10/100/121.jpg,75.0,Shadow King,100.0,Marvel Comics,27.0,12.0,149 
584,good,80.0,20.0,Female,1.73,585,https://www.superherodb.com/pictures2/portraits/10/100/1195.jpg,63.0,Shadow Lass,79.0,DC Comics,67.0,10.0,54 
585,good,70.0,25.0,Female,1.68,586,https://www.superherodb.com/pictures2/portraits/10/100/122.jpg,88.0,Shadowcat,69.0,Marvel Comics,21.0,8.0,50 
586,good,100.0,50.0,Male,1.78,587,https://www.superherodb.com/pictures2/portraits/10/100/454.jpg,63.0,Shang-Chi,29.0,Marvel Comics,30.0,12.0,79 
587,good,84.0,64.0,Male,1.91,588,https://www.superherodb.com/pictures2/portraits/10/100/124.jpg,63.0,Shatterstar,49.0,Marvel Comics,45.0,48.0,88 
588,good,70.0,100.0,Female,2.01,589,https://www.superherodb.com/pictures2/portraits/10/100/125.jpg,81.0,She-Hulk,40.0,Marvel Comics,42.0,100.0,315 
590,bad,56.0,70.0,Male,1.75,591,https://www.superherodb.com/pictures2/portraits/10/100/19.jpg,63.0,Shocker,79.0,Marvel Comics,23.0,10.0,79 
591,good,42.0,28.0,Female,1.73,592,https://www.superherodb.com/pictures2/portraits/10/100/1319.jpg,50.0,Shriek,45.0,Marvel Comics,23.0,10.0,52 
592,good,60.0,60.0,Female,0.0,593,https://www.superherodb.com/pictures2/portraits/10/100/1188.jpg,69.0,Shrinking Violet,74.5,DC Comics,33.0,38.0,0 
593,good,70.0,80.0,Female,1.88,594,https://www.superherodb.com/pictures2/portraits/10/100/1533.jpg,63.0,Sif,100.0,Marvel Comics,67.0,90.0,191 
594,good,65.0,70.0,Female,0.0,595,https://www.superherodb.com/pictures2/portraits/10/100/10495.jpg,75.0,Silk,71.0,Marvel Comics,71.0,48.0,0 
595,good,60.0,60.0,Female,0.0,596,https://www.superherodb.com/pictures2/portraits/10/100/1057.jpg,69.0,Silk Spectre,74.5,DC Comics,33.0,38.0,0 
596,good,60.0,60.0,Female,0.0,597,https://www.superherodb.com/pictures2/portraits/10/100/1058.jpg,69.0,Silk Spectre II,74.5,DC Comics,33.0,51.0,0 
597,good,32.0,90.0,Male,1.93,598,https://www.superherodb.com/pictures2/portraits/10/100/127.jpg,56.0,Silver Surfer,100.0,Marvel Comics,100.0,100.0,101 
598,good,42.0,42.0,Female,1.57,599,https://www.superherodb.com/pictures2/portraits/10/100/1019.jpg,50.0,Silverclaw,34.0,Marvel Comics,35.0,28.0,50 
599,good,60.0,55.0,Male,0.0,600,https://www.superherodb.com/pictures2/portraits/10/100/10649.jpg,56.0,Simon Baz,100.0,DC Comics,42.0,90.0,0 
600,neutral,55.0,64.0,Male,2.01,601,https://www.superherodb.com/pictures2/portraits/10/100/781.jpg,75.0,Sinestro,100.0,DC Comics,53.0,85.0,92 
601,bad,60.0,60.0,Female,1.75,602,https://www.superherodb.com/pictures2/portraits/10/100/1387.jpg,56.0,Siren,92.0,DC Comics,79.0,62.0,72 
602,bad,60.0,60.0,Female,0.0,603,https://www.superherodb.com/pictures2/portraits/10/100/1386.jpg,69.0,Siren II,74.5,DC Comics,33.0,38.0,0 
603,bad,42.0,28.0,Female,1.68,604,https://www.superherodb.com/pictures2/portraits/10/100/833.jpg,38.0,Siryn,50.0,Marvel Comics,47.0,8.0,52 
604,good,85.0,90.0,Male,1.98,605,https://www.superherodb.com/pictures2/portraits/10/100/1341.jpg,50.0,Skaar,69.0,Marvel Comics,27.0,85.0,180 
605,bad,64.0,64.0,Male,0.0,606,https://www.superherodb.com/pictures2/portraits/10/100/10437.jpg,63.0,Snake-Eyes,65.0,Marvel Comics,35.0,44.0,0 
606,good,52.0,42.0,Female,1.78,607,https://www.superherodb.com/pictures2/portraits/10/100/130.jpg,50.0,Snowbird,70.0,Marvel Comics,27.0,32.0,49 
607,good,56.0,46.0,Male,0.0,608,https://www.superherodb.com/pictures2/portraits/10/100/1166.jpg,50.0,Sobek,20.0,DC Comics,23.0,34.0,0 
608,bad,30.0,100.0,Male,2.79,609,https://www.superherodb.com/pictures2/portraits/10/100/782.jpg,9.0,Solomon Grundy,92.0,DC Comics,13.0,93.0,437 
609,good,56.0,42.0,Female,1.65,610,https://www.superherodb.com/pictures2/portraits/10/100/131.jpg,75.0,Songbird,55.0,Marvel Comics,27.0,36.0,65 
610,good,80.0,40.0,Male,1.88,611,https://www.superherodb.com/pictures2/portraits/10/100/1505.jpg,38.0,Space Ghost,95.0,DC Comics,33.0,18.0,113 
614,good,70.0,20.0,Female,0.0,615,https://www.superherodb.com/pictures2/portraits/10/100/10558.jpg,50.0,Speedy,26.0,DC Comics,33.0,6.0,0 
617,good,75.0,65.0,Female,1.7,618,https://www.superherodb.com/pictures2/portraits/10/100/480.jpg,63.0,Spider-Girl,53.0,Marvel Comics,60.0,38.0,54 
618,good,70.0,70.0,Female,1.65,619,https://www.superherodb.com/pictures2/portraits/10/100/10507.jpg,75.0,Spider-Gwen,66.0,Marvel Comics,63.0,55.0,56 
619,good,85.0,75.0,Male,1.78,620,https://www.superherodb.com/pictures2/portraits/10/100/133.jpg,90.0,Spider-Man,74.0,Marvel Comics,67.0,55.0,74 
622,good,70.0,60.0,Female,1.78,623,https://www.superherodb.com/pictures2/portraits/10/100/481.jpg,56.0,Spider-Woman,68.0,Marvel Comics,42.0,42.0,59 
623,good,64.0,64.0,Female,0.0,624,https://www.superherodb.com/pictures2/portraits/10/100/483.jpg,63.0,Spider-Woman II,65.0,Marvel Comics,35.0,44.0,0 
624,good,28.0,42.0,Female,1.73,625,https://www.superherodb.com/pictures2/portraits/10/100/482.jpg,50.0,Spider-Woman III,60.0,Marvel Comics,27.0,48.0,55 
625,bad,64.0,64.0,Female,1.78,626,https://www.superherodb.com/pictures2/portraits/10/100/883.jpg,63.0,Spider-Woman IV,65.0,Marvel Comics,35.0,44.0,58 
627,good,30.0,60.0,Male,1.83,628,https://www.superherodb.com/pictures2/portraits/10/100/1455.jpg,50.0,Spyke,48.0,Marvel Comics,17.0,12.0,83 
628,good,64.0,64.0,Female,0.0,629,https://www.superherodb.com/pictures2/portraits/10/100/485.jpg,63.0,Stacy X,65.0,Marvel Comics,35.0,44.0,0 
629,good,70.0,50.0,Male,1.88,630,https://www.superherodb.com/pictures2/portraits/10/100/10015.jpg,69.0,Star-Lord,25.0,Marvel Comics,33.0,20.0,79 
630,good,85.0,110.0,Male,0.0,631,https://www.superherodb.com/pictures2/portraits/10/100/1052.jpg,88.0,Stardust,100.0,Marvel Comics,100.0,85.0,0 
631,good,70.0,85.0,Female,1.93,632,https://www.superherodb.com/pictures2/portraits/10/100/786.jpg,50.0,Starfire,59.0,DC Comics,33.0,80.0,71 
632,good,55.0,90.0,Female,1.65,633,https://www.superherodb.com/pictures2/portraits/10/100/1326.jpg,63.0,Stargirl,87.0,DC Comics,25.0,80.0,62 
633,good,40.0,50.0,Male,1.7,634,https://www.superherodb.com/pictures2/portraits/10/100/1471.jpg,69.0,Static,90.0,DC Comics,42.0,8.0,63 
634,good,64.0,90.0,Male,2.01,635,https://www.superherodb.com/pictures2/portraits/10/100/1383.jpg,81.0,Steel,64.0,DC Comics,53.0,82.0,131 
636,bad,100.0,100.0,Male,1.83,637,https://www.superherodb.com/pictures2/portraits/10/100/10653.jpg,94.0,Steppenwolf,100.0,DC Comics,83.0,100.0,91 
637,good,75.0,30.0,Female,1.8,638,https://www.superherodb.com/pictures2/portraits/10/100/135.jpg,75.0,Storm,88.0,Marvel Comics,47.0,10.0,57 
639,good,70.0,25.0,Male,1.73,640,https://www.superherodb.com/pictures2/portraits/10/100/138.jpg,63.0,Sunspot,90.0,Marvel Comics,35.0,63.0,77 
640,good,60.0,90.0,Male,1.7,641,https://www.superherodb.com/pictures2/portraits/10/100/789.jpg,75.0,Superboy,95.0,DC Comics,83.0,95.0,68 
641,bad,85.0,100.0,Male,1.8,642,https://www.superherodb.com/pictures2/portraits/10/100/1535.jpg,94.0,Superboy-Prime,100.0,DC Comics,100.0,100.0,77 
642,good,75.0,100.0,Female,1.65,643,https://www.superherodb.com/pictures2/portraits/10/100/790.jpg,94.0,Supergirl,100.0,DC Comics,100.0,100.0,54 
644,bad,55.0,100.0,Male,0.0,645,https://www.superherodb.com/pictures2/portraits/10/100/792.jpg,88.0,Swamp Thing,100.0,DC Comics,25.0,95.0,0 
645,bad,35.0,90.0,Male,1.96,646,https://www.superherodb.com/pictures2/portraits/10/100/10428.jpg,75.0,Swarm,38.0,Marvel Comics,50.0,18.0,47 
647,good,56.0,28.0,Male,1.8,648,https://www.superherodb.com/pictures2/portraits/10/100/175.jpg,75.0,Synch,74.0,Marvel Comics,23.0,67.0,74 
652,bad,100.0,20.0,Male,1.88,653,https://www.superherodb.com/pictures2/portraits/10/100/21.jpg,75.0,Taskmaster,63.0,Marvel Comics,50.0,12.0,99 
654,bad,80.0,100.0,Male,2.01,655,https://www.superherodb.com/pictures2/portraits/10/100/1305.jpg,100.0,Thanos,100.0,Marvel Comics,33.0,100.0,443 
656,neutral,80.0,10.0,Male,1.88,657,https://www.superherodb.com/pictures2/portraits/10/100/1062.jpg,63.0,The Comedian,12.0,DC Comics,17.0,14.0,101 
657,good,80.0,100.0,Male,1.83,658,https://www.superherodb.com/pictures2/portraits/10/100/139.jpg,75.0,Thing,38.0,Marvel Comics,21.0,84.0,225 
659,good,70.0,84.0,Female,1.75,660,https://www.superherodb.com/pictures2/portraits/10/100/1296.jpg,75.0,Thor Girl,100.0,Marvel Comics,70.0,83.0,143 
660,good,70.0,32.0,Male,1.85,661,https://www.superherodb.com/pictures2/portraits/10/100/611.jpg,50.0,Thunderbird,13.0,Marvel Comics,27.0,32.0,101 
662,good,64.0,64.0,Male,1.75,663,https://www.superherodb.com/pictures2/portraits/10/100/141.jpg,63.0,Thunderbird III,65.0,Marvel Comics,35.0,44.0,74 
663,good,72.0,84.0,Male,1.98,664,https://www.superherodb.com/pictures2/portraits/10/100/177.jpg,63.0,Thunderstrike,42.0,Marvel Comics,70.0,80.0,288 
664,good,54.0,64.0,Female,2.18,665,https://www.superherodb.com/pictures2/portraits/10/100/508.jpg,38.0,Thundra,26.0,Marvel Comics,32.0,81.0,158 
665,bad,28.0,70.0,Male,1.85,666,https://www.superherodb.com/pictures2/portraits/10/100/10047.jpg,38.0,Tiger Shark,51.0,Marvel Comics,46.0,72.0,203 
666,good,90.0,38.0,Female,1.78,667,https://www.superherodb.com/pictures2/portraits/10/100/42.jpg,63.0,Tigra,33.0,Marvel Comics,53.0,32.0,81 
667,bad,14.0,14.0,Male,1.63,668,https://www.superherodb.com/pictures2/portraits/10/100/1036.jpg,100.0,Tinkerer,10.0,Marvel Comics,23.0,10.0,54 
669,neutral,28.0,56.0,Male,1.75,670,https://www.superherodb.com/pictures2/portraits/10/100/1125.jpg,50.0,Toad,70.0,Marvel Comics,58.0,34.0,76 
670,good,70.0,84.0,Male,1.88,671,https://www.superherodb.com/pictures2/portraits/10/100/848.jpg,56.0,Toxin,82.0,Marvel Comics,70.0,73.0,97 
673,neutral,60.0,60.0,Male,1.83,674,https://www.superherodb.com/pictures2/portraits/10/100/1468.jpg,69.0,Trickster,74.5,DC Comics,33.0,38.0,81 
674,bad,60.0,60.0,Male,0.0,675,https://www.superherodb.com/pictures2/portraits/10/100/10703.jpg,69.0,Trigon,74.5,DC Comics,33.0,99.0,0 
675,good,42.0,42.0,Female,1.68,676,https://www.superherodb.com/pictures2/portraits/10/100/1185.jpg,63.0,Triplicate Girl,44.0,DC Comics,23.0,10.0,59 
676,good,55.0,65.0,Male,1.88,677,https://www.superherodb.com/pictures2/portraits/10/100/513.jpg,56.0,Triton,35.0,Marvel Comics,50.0,63.0,86 
677,bad,28.0,14.0,Male,1.83,678,https://www.superherodb.com/pictures2/portraits/10/100/802.jpg,88.0,Two-Face,9.0,DC Comics,12.0,10.0,82 
678,good,80.0,70.0,Female,1.68,679,https://www.superherodb.com/pictures2/portraits/10/100/1295.jpg,50.0,Ultragirl,35.0,Marvel Comics,35.0,80.0,105 
679,bad,64.0,100.0,Male,2.06,680,https://www.superherodb.com/pictures2/portraits/10/100/1339.jpg,88.0,Ultron,100.0,Marvel Comics,42.0,83.0,331 
680,bad,64.0,84.0,Male,15.2,681,https://www.superherodb.com/pictures2/portraits/10/100/1484.jpg,50.0,Utgard-Loki,85.0,Marvel Comics,23.0,80.0,52616.729999999996
681,good,64.0,64.0,Female,1.68,682,https://www.superherodb.com/pictures2/portraits/10/100/145.jpg,63.0,Vagabond,65.0,Marvel Comics,35.0,44.0,54 
683,good,64.0,64.0,Female,1.91,684,https://www.superherodb.com/pictures2/portraits/10/100/147.jpg,63.0,Valkyrie,65.0,Marvel Comics,35.0,94.0,214 
684,bad,42.0,56.0,Male,1.65,685,https://www.superherodb.com/pictures2/portraits/10/100/1105.jpg,63.0,Vanisher,61.0,Marvel Comics,75.0,10.0,79 
687,bad,56.0,70.0,Male,1.75,688,https://www.superherodb.com/pictures2/portraits/10/100/1124.jpg,50.0,Venom II,54.0,Marvel Comics,47.0,57.0,50 
691,good,30.0,30.0,Male,1.78,692,https://www.superherodb.com/pictures2/portraits/10/100/10509.jpg,50.0,Vibe,99.0,DC Comics,17.0,10.0,71 
693,good,64.0,64.0,Male,0.0,694,https://www.superherodb.com/pictures2/portraits/10/100/530.jpg,63.0,Vindicator,65.0,Marvel Comics,35.0,44.0,0 
698,good,25.0,50.0,Female,1.75,699,https://www.superherodb.com/pictures2/portraits/10/100/10109.jpg,50.0,Vixen,62.0,DC Comics,50.0,38.0,63 
699,good,64.0,64.0,Male,0.0,700,https://www.superherodb.com/pictures2/portraits/10/100/854.jpg,63.0,Vulcan,65.0,Marvel Comics,35.0,56.0,0 
700,bad,30.0,25.0,Male,1.8,701,https://www.superherodb.com/pictures2/portraits/10/100/1031.jpg,75.0,Vulture,26.0,Marvel Comics,42.0,22.0,79 
701,bad,20.0,50.0,Male,1.83,702,https://www.superherodb.com/pictures2/portraits/10/100/10058.jpg,50.0,Walrus,11.0,Marvel Comics,8.0,28.0,162 
702,good,85.0,100.0,Male,1.85,703,https://www.superherodb.com/pictures2/portraits/10/100/536.jpg,63.0,War Machine,100.0,Marvel Comics,63.0,80.0,95 
704,good,95.0,95.0,Male,1.88,705,https://www.superherodb.com/pictures2/portraits/10/100/154.jpg,88.0,Warlock,71.0,Marvel Comics,79.0,36.0,108 
705,bad,50.0,28.0,Male,1.73,706,https://www.superherodb.com/pictures2/portraits/10/100/1353.jpg,38.0,Warp,85.0,DC Comics,23.0,10.0,67 
707,good,42.0,52.0,Female,1.63,708,https://www.superherodb.com/pictures2/portraits/10/100/155.jpg,63.0,Wasp,29.0,Marvel Comics,58.0,17.0,50 
708,good,56.0,89.0,Male,0.0,709,https://www.superherodb.com/pictures2/portraits/10/100/516.jpg,100.0,Watcher,100.0,Marvel Comics,67.0,80.0,0 
709,bad,64.0,64.0,Male,0.0,710,https://www.superherodb.com/pictures2/portraits/10/100/1318.jpg,63.0,Weapon XI,65.0,Marvel Comics,35.0,44.0,0 
710,bad,90.0,15.0,Female,0.0,711,https://www.superherodb.com/pictures2/portraits/10/100/10542.jpg,63.0,White Canary,49.0,DC Comics,33.0,7.0,0 
711,good,64.0,64.0,Female,1.78,712,https://www.superherodb.com/pictures2/portraits/10/100/157.jpg,63.0,White Queen,65.0,Marvel Comics,35.0,44.0,65 
712,good,42.0,100.0,Male,0.0,713,https://www.superherodb.com/pictures2/portraits/10/100/1186.jpg,50.0,Wildfire,77.0,DC Comics,23.0,32.0,0 
713,good,84.0,65.0,Male,1.75,714,https://www.superherodb.com/pictures2/portraits/10/100/10027.jpg,56.0,Winter Soldier,60.0,Marvel Comics,35.0,32.0,117 
714,good,64.0,64.0,no defined,1.4,715,https://www.superherodb.com/pictures2/portraits/10/100/159.jpg,63.0,Wiz Kid,65.0,Marvel Comics,35.0,44.0,39 
715,good,42.0,42.0,Female,3.66,716,https://www.superherodb.com/pictures2/portraits/10/100/160.jpg,38.0,Wolfsbane,26.0,Marvel Comics,35.0,16.0,473 
716,good,100.0,100.0,Male,1.6,717,https://www.superherodb.com/pictures2/portraits/10/100/161.jpg,63.0,Wolverine,89.0,Marvel Comics,50.0,32.0,135 
717,good,60.0,80.0,Female,1.65,718,https://www.superherodb.com/pictures2/portraits/10/100/1497.jpg,75.0,Wonder Girl,39.0,DC Comics,25.0,90.0,51 
718,good,64.0,90.0,Male,1.88,719,https://www.superherodb.com/pictures2/portraits/10/100/162.jpg,75.0,Wonder Man,64.0,Marvel Comics,53.0,100.0,171 
719,good,100.0,100.0,Female,1.83,720,https://www.superherodb.com/pictures2/portraits/10/100/807.jpg,88.0,Wonder Woman,100.0,DC Comics,79.0,100.0,74 
720,good,64.0,64.0,Female,0.0,721,https://www.superherodb.com/pictures2/portraits/10/100/1290.jpg,63.0,Wondra,65.0,Marvel Comics,35.0,44.0,0 
721,good,56.0,1.0,Male,1.96,722,https://www.superherodb.com/pictures2/portraits/10/100/164.jpg,10.0,Wyatt Wingfoot,1.0,Marvel Comics,12.0,10.0,117 
722,good,95.0,100.0,Female,1.55,723,https://www.superherodb.com/pictures2/portraits/10/100/565.jpg,75.0,X-23,55.0,Marvel Comics,42.0,24.0,50 
723,good,84.0,95.0,Male,1.75,724,https://www.superherodb.com/pictures2/portraits/10/100/1150.jpg,88.0,X-Man,100.0,Marvel Comics,53.0,53.0,61 
724,bad,64.0,64.0,Male,1.88,725,https://www.superherodb.com/pictures2/portraits/10/100/23.jpg,63.0,Yellow Claw,65.0,Marvel Comics,35.0,44.0,95 
726,good,28.0,28.0,Female,1.65,727,https://www.superherodb.com/pictures2/portraits/10/100/178.jpg,50.0,Yellowjacket II,31.0,Marvel Comics,35.0,10.0,52 
727,good,28.0,100.0,Male,304.8,728,https://www.superherodb.com/pictures2/portraits/10/100/179.jpg,50.0,Ymir,98.0,Marvel Comics,27.0,100.0,0 
729,good,56.0,28.0,Female,1.7,730,https://www.superherodb.com/pictures2/portraits/10/100/809.jpg,81.0,Zatanna,100.0,DC Comics,23.0,10.0,57 
730,bad,28.0,28.0,Male,1.85,731,https://www.superherodb.com/pictures2/portraits/10/100/1384.jpg,50.0,Zoom,100.0,DC Comics,100.0,10.0,81 
